actorName,actorMovieCount,actorAwardNominations,actorAwardWins
Peter Sellers,87,20,12
Patrick Fugit,34,16,4
Max Irons,17,0,0
Jung Suh,6,2,2
Demián Bichir,85,17,9
Tom Hulce,31,10,5
Joseph Kaufmann,9,0,0
Sean Connery,93,29,38
Morris Chestnut,51,5,2
Cate Blanchett,70,187,152
Katie Featherston,14,2,1
Greta Gerwig,40,141,36
Karin Bertling,63,1,1
Takuya Kimura,53,2,3
Rebecca Gomperts,1,0,0
Catalina Sandino Moreno,31,12,18
Miou-Miou,94,11,2
Leonor Varela,53,3,3
Tim Allen,50,35,23
Basil Rathbone,126,5,5
Kirk Douglas,94,25,34
"""Emily Roya OBrien""",1,0,0
Bryan Cranston,153,87,52
Sofía Espinosa,34,2,2
Mark Strano,18,1,1
Alexander Nevsky,11,0,0
Benjamin Bratt,66,16,13
Cole Hauser,50,1,1
Katie Cassidy,34,3,1
Martin Short,98,43,11
Jeanne Crain,2,0,0
Witney Carson,1,0,0
Chris Pratt,50,32,16
Frank Grillo,69,2,0
Madlen Dzhabrailova,19,2,0
Wu Jing,37,8,2
Alessio Boni,62,6,8
Melih Selçuk,12,1,1
Jean Simmons,95,18,11
Alev Uçarer,4,0,0
Dee Wallace,241,6,6
Michelle Krusiec,84,1,2
Rossano Brazzi,155,1,0
Patrick Bergin,111,3,1
Tye Sheridan,21,14,8
"""Ed ONeill""",67,21,12
Regina Hall,52,8,2
Anessa Ramsey,17,0,0
Robert Glaudini,20,1,0
Kim Seung-woo,22,9,7
Max Records,8,6,2
Patrick Dempsey,68,21,10
Paul Reubens,111,23,9
Stephen Lack,11,2,0
Shehzad Sheikh,9,0,0
Lucas Black,26,10,3
Cuba Gooding Jr.,85,43,17
Reina Triendl,28,1,1
Rod Steiger,148,18,23
Sacha Baron Cohen,48,38,26
Norah Jones,10,9,9
Claire Danes,43,54,42
Michelle Morgan,27,1,0
Maria Bello,66,21,20
Jason Sudeikis,64,7,1
Ernst-Hugo Järegård,70,1,3
Oliver Masucci,35,3,1
Olivia Wilde,55,13,5
Edie Falco,61,74,24
Val Kilmer,98,13,6
Patrick Swayze,51,11,10
Presley Chweneyagae,12,3,3
Luke Perry,95,6,2
Aki Asakura,32,0,0
Prabhas,23,12,2
John Taylor,27,1,0
Charles Coburn,98,3,3
Andy McAvin,84,5,0
Mira Sorvino,94,21,17
Romain Duris,52,13,5
Scott Elrod,31,0,0
Nazriya Nazim,14,2,3
Michael Gambon,170,19,20
Maria Poezhaeva,7,1,1
Ivan Okhlobystin,54,3,4
David Hewlett,90,3,1
Sarah Jessica Parker,62,49,29
Billy Connolly,71,9,4
Keith Coogan,79,6,1
June Allyson,75,3,4
Mae Murray,43,1,1
Dabney Coleman,175,9,6
Tom Tyler,183,0,0
John Mills,132,6,10
Jamie Dornan,25,7,6
Ken Takakura,177,2,19
Casey Affleck,43,53,66
Penélope Cruz,79,106,53
Aïssa Maïga,68,1,4
Jacob Latimore,18,6,0
Eleanor Tomlinson,24,3,0
Jonathan Blow,1,0,0
Clifton Collins Jr,120,11,5
Fahadh Faasil,48,2,5
Thomas Jane,72,8,6
Ryan Carnes,39,0,0
Gabrielle Anwar,58,4,0
Jeffrey Combs,133,5,4
Niklas Ulfvarson,1,0,0
Pat Healy,106,2,6
Bodil Jørgensen,83,15,9
Armand Assante,136,11,9
Napoleon Ryan,57,1,1
Simon Yam,227,18,7
Zhang Ziyi,38,51,46
Joe Pesci,40,14,14
Lily Tomlin,68,72,43
Jessica Tandy,64,17,12
John C. Reilly,102,44,18
Yosuke Eguchi,71,0,0
Nikita Mikhalkov,48,32,35
William Baldwin,79,5,3
Kevin Smith,61,24,14
Steven Bauer,182,5,11
Errol Flynn,65,1,5
Lake Bell,55,13,6
Maria Molins,32,2,1
Arthur Hill,118,0,0
Jessica Walter,155,20,11
Toni Collette,78,55,29
Freida Pinto,22,7,4
M. Emmet Walsh,224,1,2
Terrence Howard,93,55,34
Asa Butterfield,23,17,5
Aileen Quinn,7,3,4
Mia Wasikowska,40,38,6
Grant Bardsley,11,0,0
Kajol,39,11,16
Daveigh Chase,51,3,3
Jessica Biel,47,26,6
Owen Wilson,74,49,15
Raymond Ochoa,48,1,0
Mark Ruffalo,67,113,32
J. J. Feild,47,1,1
Onur Ünsal,16,1,1
Mickey Rourke,85,38,39
Aleksey Filimonov,19,1,1
Konstantin Khabenskiy,62,20,17
Cezary Pazura,90,2,2
Jim Carrey,62,96,48
Shun Oguri,111,0,0
Joel David Moore,87,2,2
Walter Quiroz,1,1,0
Rajinikanth,212,3,19
Melanie Kinnaman,9,0,0
Tony Leung Chiu-Wai,94,24,21
Theresa Russell,63,2,2
Tom Kenny,456,26,13
Chris Messina,58,11,3
Eric Balfour,86,3,1
Francesco Pannofino,71,4,4
Breckin Meyer,77,7,7
Woody Allen,48,213,136
Fiona Glascott,51,2,1
Buster Crabbe,113,2,2
Peter Cook,46,1,1
Lloyd Nolan,160,2,2
Cassidy Gifford,14,0,0
Joe Cross,1,0,0
Philip Baker Hall,178,4,5
Cathy Podewell,13,1,0
Leonid Bichevin,21,3,0
Hugo Weaving,90,29,28
Cliff DeYoung,139,1,0
Kirk Alyn,66,0,0
Richard Armitage,46,11,5
Christine Cavanaugh,89,2,2
James Badge Dale,42,8,2
Chaim Topol,25,7,7
Charlie Sheen,85,24,5
Jeff Daniels,82,41,17
Adam Scott,114,9,2
Cindy Baer,32,3,18
Ken Ogata,98,9,13
Marie Avgeropoulos,27,1,0
Amy Jo Johnson,46,4,6
Omar Sy,65,7,8
Parry Shen,66,0,0
William Daniels,120,11,4
Karolina Antosik,7,0,0
David Duchovny,55,48,13
Béatrice Bonifassi,1,0,0
Chris Evans,52,36,6
Edgar Ramírez,40,15,12
Josh Holloway,27,20,3
Jean Arthur,97,3,3
Jeffrey Falcon,13,0,0
Steve Coogan,118,46,16
Asia Argento,62,14,16
Paul Hogan,14,5,8
Douglas Fairbanks,51,3,3
Yusuke Iseya,52,4,1
Bradley Gregg,42,0,0
Jess Weixler,43,7,2
Harry Guardino,126,3,3
Adam Butcher,42,2,0
Frederick Stafford,17,0,0
Jennifer Aniston,63,78,35
Thom Mathews,39,0,0
Patton Oswalt,195,20,6
Jon Gries,142,4,1
Glen Campbell,12,9,5
Natalie Wood,74,30,11
Jenna Elfman,59,18,4
Josh Lucas,79,4,3
William Prince,154,0,0
Katie Chang,12,0,0
Michel Ray,13,0,0
Virginia Madsen,125,23,28
Kseniya Rappoport,51,17,14
Kim Basinger,56,25,14
Paul Rudd,112,19,8
Zoe Saldana,58,58,15
Bill Griffith,47,0,0
Adrienne Barbeau,143,4,2
Chevy Chase,94,9,11
David Niven,112,7,9
Tom Berenger,107,8,7
Jimmy Bennett,50,5,2
Bradford Dillman,140,3,3
Ashton Kutcher,36,40,18
Jon Favreau,69,11,7
Lennie Loftin,53,0,0
Chris Makepeace,22,1,0
Nicholas Hope,79,2,1
Pavel Derevyanko,56,5,1
Timothy Spall,140,30,20
Bono,55,22,10
Method Man,73,3,1
Junichi Okada,38,2,3
Mónica del Carmen,26,1,1
Alan Ladd,100,1,6
Julianne Hough,14,9,3
Stellan Skarsgård,142,15,11
Charles Bronson,163,2,4
Hiroki Hasegawa,44,2,0
Donnie Yen,76,18,17
Jonny Weston,20,0,0
Gwyneth Paltrow,56,51,23
Peter Paul,13,1,0
Jill Clayburgh,71,17,4
Catherine McCormack,42,1,1
Fouad Habash,1,1,0
Derek Mears,108,2,0
Lee Chun-hee,27,0,0
Ari Folman,1,35,36
Adrian Pang,45,1,1
Pyotr Zinovyev,2,0,0
Peter Boyle,95,25,4
Sonu Sood,63,9,6
Glynis Johns,91,2,3
Danielle Macdonald,26,1,2
Ray Romano,47,53,17
J.K. Simmons,188,35,60
Ryan Merriman,56,8,6
Eric Roberts,516,17,16
Theresa Randle,29,1,0
Andre Gower,41,6,2
Alexia Fast,43,2,2
Talia Zucker,18,0,0
Sam J. Jones,82,1,2
Nathan Fillion,87,20,13
Richard Kiley,136,8,9
Josie Ayers,4,0,0
"""Ryan ONeal""",65,10,5
Michelle Pfeiffer,63,51,27
Murray Bartlett,44,2,2
Inés Sastre,16,2,0
Donald Austin,2,0,0
Steve McQueen,5,88,84
Benedict Cumberbatch,74,105,32
Trevor Howard,119,14,4
Samantha Ferris,80,1,0
Justin Chatwin,45,1,0
Ben Foster,54,32,7
Clara Bow,59,1,1
Shima Iwashita,111,6,13
Victoria Beckham,17,5,3
Ohad Knoller,32,3,3
Jessica Chastain,54,111,79
Russell Harvard,14,0,0
Jason Beghe,102,0,0
Ving Rhames,130,22,6
Franka Potente,56,7,9
Kaoru Kobayashi,95,2,7
Michelle Nicastro,34,1,1
Michelle Trachtenberg,60,10,5
Devon Gummersall,67,1,0
Florence Hartigan,17,0,0
Thomas Mann,33,3,1
Paula Patton,27,12,1
Julie Harris,101,15,5
Anthony Mackie,65,30,6
Omkar Das Manikpuri,18,1,0
Henry G. Sanders,130,0,0
Chloë Grace Moretz,66,41,27
Pierce Brosnan,85,22,21
Catherine Mary Stewart,69,0,0
Tyrese Gibson,32,15,2
Justin Timberlake,84,99,46
Aidan Quinn,89,13,4
Rebecca Hall,42,28,12
Jeanne Tripplehorn,41,7,1
Sam Neill,134,28,11
Hugh Grant,66,32,20
Raúl Juliá,49,9,6
Julia Roberts,62,98,59
Charlotte Frogner,12,1,1
Amy Poehler,86,80,27
Harvey Keitel,154,19,26
Chris Wylde,52,1,1
Annie Liu,20,1,0
Frank Sinatra,68,22,19
Ryosuke Watabe,1,0,0
Malin Åkerman,59,5,1
Shauna Macdonald,42,4,2
Roy Scheider,88,9,4
Michael Bonsignore,4,0,0
Gabriele Caprio,7,0,0
Mats Åhlfeldt,2,0,0
Peter Stormare,182,9,3
Michael Stuhlbarg,48,50,12
Ralph Fiennes,72,104,40
Robert Carradine,132,2,1
Christopher Lloyd,225,14,9
Devon Sawa,47,4,1
Claudio Bisio,56,6,2
Paulette Goddard,66,2,2
Liam Boyle,26,0,0
Anwar Congo,1,0,0
Jimi Mistry,37,0,0
Pavel Liška,64,3,5
John Hawkes,134,60,18
Ashley Judd,52,18,7
Ivan Urgant,19,7,5
Roma Downey,29,7,4
D. David Morin,71,1,1
Bárbara Lombardo,31,3,0
Emily Blunt,43,70,17
Anthony Hopkins,134,63,50
Steve Buscemi,159,65,29
Steven Pasquale,24,0,0
America Ferrera,49,39,21
Fernanda Andrade,35,0,0
Keanu Reeves,96,22,12
Vidya Balan,41,29,38
Lasse Kolsrud,23,0,0
Tobey Maguire,47,31,8
Kip Pardue,62,1,2
Sienna Guillory,61,2,0
Jesper Christensen,124,12,17
Molly Ringwald,64,7,4
Natar Ungalaaq,14,5,5
Jeffrey Wright,65,39,14
Treat Williams,123,14,4
Priscilla C. Shirer,3,0,0
Roy Dupuis,71,6,6
David Roberts,68,1,0
Robin Bartlett,66,3,0
Jason Ian Drucker,11,2,0
Ansel Elgort,18,13,10
Gabriel Macht,33,1,1
Rachel Weisz,57,38,22
Erin Evans,9,0,0
Lily Collins,23,6,5
Colin Friels,75,11,6
Isiah Thomas,3,0,0
Izzy Diaz,50,0,0
Xu Zheng,1,0,0
Scottie Thompson,61,1,1
Ja Rule,40,7,0
Annabelle Wallis,29,2,0
Katherine Heigl,45,30,11
Rob Corddry,99,11,5
Omar Metwally,27,1,1
Dan Zukovic,36,6,5
Jelly Lin,6,2,1
Stephen McNally,138,0,0
Pamela Gidley,44,0,0
Helen Hunt,105,68,47
Regina Advento,1,0,0
Jeff Clark,74,1,0
Beau Bridges,205,40,11
Miranda Richardson,120,41,20
Shameik Moore,12,3,0
"""Scott Carrot Top Thompson""",23,1,1
Lauren Cohan,32,3,0
Simone Simon,38,0,0
Kyle Walsh,3,0,0
Chiara Mastroianni,56,4,2
Hal Holbrook,133,32,16
Jennifer Grey,42,6,2
Christian Slater,124,18,8
Gina Carano,15,4,0
James Purefoy,72,2,1
Hank Azaria,94,36,17
Fabio De Luigi,38,4,1
Emo Philips,22,0,0
Diego Luna,64,21,17
Sean Faris,46,2,2
Jason Segel,37,27,7
Jennifer Morrison,57,13,9
Josefin Asplund,9,1,1
Romola Garai,40,18,7
Will Beinbrink,65,0,0
Vik Muniz,1,0,0
Maggie Lawson,51,0,0
Zero Mostel,34,3,1
Juan José Campanella,5,39,57
Karl Urban,48,8,8
Bérénice Bejo,59,24,15
Maxim Gaudette,31,3,2
James Le Gros,126,4,0
Jonathan Brandis,48,7,1
Orlando Bloom,42,27,27
Melissa Leo,132,76,50
Angela Bassett,92,62,31
Brad Dourif,168,13,9
Matt LeBlanc,32,31,6
Rainn Wilson,75,19,10
Rudolph Valentino,39,1,1
Vildan Atasever,19,2,2
Martin Rapold,54,1,1
Simon Baron-Cohen,1,0,0
Christopher Eccleston,77,12,7
Kevin Spacey,84,87,57
Jennifer Rubin,47,0,0
Darling Narita,7,1,1
Michael Cera,82,26,7
Konstantin Kryukov,34,1,0
Scarlett Johansson,64,140,43
Dakota Fanning,65,28,17
Greg Speirs,1,0,0
James Mason,153,13,8
Kurt Russell,99,13,7
Neel Sethi,2,6,0
Angela Lansbury,112,57,29
Bill Nighy,145,30,15
Peter Mullan,85,33,44
Christopher Guest,88,20,9
Gal Gadot,25,19,6
Jon Voight,98,35,25
Ron Livingston,91,3,1
Joel Courtney,17,6,2
"""Qorianka Kilcher""",26,7,7
Roberto Benigni,30,43,59
William Petersen,39,12,4
Joseph E. Murray,14,0,0
Tim McGraw,18,14,4
Scott Baio,55,6,5
Ben Burtt,7,47,18
Birce Akalay,15,0,0
Elizabeth Mitchell,48,13,5
Charlotte Rampling,128,52,28
Anna Bolshova,17,0,0
Miles Teller,29,22,4
Russell Crowe,58,74,36
Danny McBride,52,14,2
Carey Mulligan,29,74,44
Willem Dafoe,126,65,70
Alex Pettyfer,20,6,4
Aubrey Peeples,21,0,0
Shereef Akeel,1,0,0
Michelle Williams,58,135,44
Anita Björk,61,1,1
Elisha Cuthbert,34,10,2
Roddy Piper,159,1,3
Claudette Colbert,79,4,7
Derek Luke,35,13,7
Eva Santolaria,33,2,2
Giuliano Gemma,102,2,8
Johnny Depp,91,143,79
Kate McNeil,62,1,1
Heike Makatsch,63,8,9
N!xau,5,0,0
Ray Stevenson,53,1,0
Sydney Greenstreet,23,2,2
Jason Lee,65,22,4
Michael Sheen,83,31,15
Leea Klemola,40,6,6
Rex Harrison,59,12,8
Richard Dutcher,26,4,4
Kevin Bacon,91,27,15
Götz George,126,12,28
Rain,17,3,2
Tom Schilling,59,13,10
Jon Hamm,90,84,18
Jack Lemmon,98,56,52
Kristen Wiig,97,68,13
Clifton Webb,27,4,5
Adam Greaves-Neal,8,0,0
Dominic Cooper,56,9,1
Mary Fuller,226,0,0
Nick Pickard,13,2,1
Trevante Rhodes,18,13,7
Ellen Muth,21,2,2
Greg Kinnear,69,20,13
Sigourney Weaver,84,53,29
Paige Turco,45,0,0
Corey Haim,47,7,2
Igor Petrenko,39,2,2
Nick Nolte,102,37,14
Richard Roundtree,152,5,3
Park Joong-hoon,38,6,6
Tom Laughlin,39,1,1
Sergei Makovetsky,85,13,9
Raquela Rios,6,0,0
Janne Hyytiäinen,39,0,0
Allison Hayes,64,0,0
Li Yu-Chun,8,6,0
Julianne Moore,94,156,113
Griffin Dunne,95,5,6
Jennifer Connelly,53,26,15
Omar Sharif,118,6,12
Hailee Steinfeld,37,44,25
Melissa George,52,9,5
Haley Bennett,25,1,0
DMX,32,9,1
Kevin Heffernan,38,0,0
Heikki Silvennoinen,34,0,0
Tygh Runyan,88,8,6
Sergey Svetlakov,15,6,2
Alan King,41,0,0
Aml Ameen,39,0,0
Horace B. Carpenter,397,0,0
Yang Ik-june,26,7,26
Jane Fonda,57,63,55
Taylor Schilling,16,14,9
Raoul Bova,77,6,7
Kate Bosworth,41,10,3
Bette Davis,123,24,26
Kit Harington,15,18,3
Javed Sheikh,100,1,1
Lauren Holly,97,14,4
Christine Hargreaves,55,0,0
Liu Ye,47,14,4
Sudeep,64,15,23
Tyrone Burton,13,1,0
Luis Tosar,105,28,38
Gong Li,35,17,23
Rory Culkin,35,9,2
Warren Oates,124,2,1
Paul Ben-Victor,162,0,0
James Dean,30,4,9
Rachel McAdams,36,51,23
Camilla Luddington,27,5,1
Jon Finch,65,0,0
Sanjay Dutt,160,22,14
Gordon MacRae,2,0,0
Jason Bateman,88,42,13
Christina Applegate,77,27,17
Aziz Naser,12,0,0
Ben Silverstone,9,2,0
Arjun Sarja,93,3,2
John Gielgud,134,27,16
Columbus Short,32,6,3
Theodore Roberts,106,1,1
Michael Nyqvist,94,7,6
Joshua Jackson,49,12,7
Bud Abbott,42,4,4
Victor Mature,56,1,1
Michael Clarke Duncan,99,16,5
Svetlana Khodchenkova,61,4,7
Tom Cruise,46,80,54
James Remar,169,9,2
Simon Chuckster,1,0,0
Steve Guttenberg,95,2,3
Sergey Shakurov,95,2,4
Jeremy Irons,92,32,30
Obba Babatundé,149,4,2
Bipasha Basu,65,16,4
Kåre Hedebrant,4,4,1
Patrick Wilson,51,18,4
Laura Ramsey,26,1,0
Rocky McKenzie,1,0,0
Victor Wong,38,0,0
Yvette Chauviré,8,0,0
David Carradine,237,15,13
Ray Wise,236,6,4
Miriam Margolyes,173,3,1
David Oyelowo,68,42,21
Kelan Pannell,1,0,0
Vikram,58,8,16
Mel Gibson,61,41,43
Mohammad Jawad,1,0,0
Charles Berling,98,6,2
Fumiyo Kohinata,165,1,1
Margarete Tiesel,44,1,1
Barbara Parkins,52,2,1
Charlie Rowe,13,0,0
Nikolaj Rasmussen,1,0,0
Jane Adams,66,6,4
Sylvia Kristel,59,1,1
Sarah Butler,33,2,0
Anand Patwardhan,2,0,0
Maï Anh Le,22,0,0
Nathan Lane,85,27,11
Fred Ward,88,2,3
Michelle Nolden,77,4,1
Madonna,101,98,44
Ed Helms,75,11,5
Robin Williams,108,86,64
Chris Tucker,21,24,8
Max von Sydow,163,25,26
Lee Min-ki,21,1,1
Allan Sherman,5,0,0
Jim Caviezel,42,6,4
Sharon Stone,145,36,24
Rosanna Arquette,150,9,10
Géza Röhrig,8,7,3
Carmen Maura,155,25,41
Akira Terao,56,3,4
Kitana Kiki Rodriguez,1,6,1
Daniel J. Travanti,99,15,6
Melanie Griffith,83,21,13
Mireille Darc,77,1,1
Ben Affleck,70,110,73
Martin Sheen,255,62,29
Robert Englund,162,5,4
Michael Biehn,106,2,3
Danielle Panabaker,54,6,3
Aneurin Barnard,38,1,2
Paz de la Huerta,50,1,1
Shelley Long,85,16,8
Charlotte Henry,32,0,0
Paul Eenhoorn,40,2,2
Marisa Tomei,79,53,25
David Thewlis,95,12,8
Stephen McGann,26,0,0
Daniel Schlachet,2,0,0
Kristanna Loken,50,5,3
Cyril Raffaelli,13,1,0
Freddie Highmore,36,30,14
Kelly Macdonald,52,35,20
Raimondakis,1,0,0
D. B. Sweeney,103,1,14
Kestie Morassi,36,2,1
Forest Whitaker,126,56,56
Angela Redman,4,0,0
Charlie Chaplin,89,7,21
Christopher Walken,133,35,23
Amanda Peet,68,7,2
Jack Nicholson,77,104,87
John Neville,108,2,0
Macaulay Culkin,35,7,5
Kim Hye-na,21,1,1
Emmanuelle Vaugier,106,1,1
Jeremy Renner,55,59,35
Claire Trevor,87,5,4
Carlo Cecchi,32,6,3
Jesse Lee Soffer,27,5,0
Cyndi Williams,47,1,1
Ellen Page,51,66,44
Matthias Hungerbühler,13,0,0
Ivo Pietzcker,3,1,1
Bradley Cooper,65,69,34
Zooey Deschanel,56,37,10
Andrew Jacobs,5,0,0
Harry Connick Jr.,29,8,2
Nargess Mamizadeh,1,1,1
John Malkovich,117,43,27
Ethan Hawke,78,118,30
Ross Noble,7,0,0
Farrah Fawcett,65,23,16
Chow Yun-fat,115,27,9
Laura Linney,68,91,42
Andy Warhol,14,0,0
"""Gail OGrady""",100,8,4
Danny Denzongpa,208,2,2
Kiefer Sutherland,97,59,21
Sumi Shimamoto,98,0,0
"""Taavale""",16,0,0
Adrienne Pickering,24,0,0
Bel Powley,24,15,5
Leon Robinson,77,4,1
Óscar Jaenada,62,9,15
Gemma Arterton,45,9,2
Robert Loggia,235,8,7
Indira Varma,66,1,1
Richard Grieco,77,1,1
Roddy McDowall,264,4,5
Seann William Scott,50,8,5
Maccio Capatonda,20,2,0
Mel Brooks,56,31,24
Ellen Burstyn,160,56,36
Angela Bettis,44,5,5
Ian Holm,141,23,21
Mariel Hemingway,61,8,3
Brenda Myers-Powell,1,0,0
Noomi Rapace,45,18,14
Vytautas Kaniušonis,11,1,1
Stanley Baker,78,2,1
Masako Nozawa,193,0,0
Carol Kane,153,10,6
Dylan McDermott,57,19,3
Jason Behr,28,4,1
"""Jodi Lyn OKeefe""",50,1,1
Randy Norton,7,0,0
Martin Freeman,83,31,10
Melissa McCarthy,51,75,26
Dakota Johnson,29,12,9
Catherine Hicks,62,4,3
Claude Perron,51,0,0
Neil Dudgeon,66,1,0
James Allen McCune,19,0,0
Jake Gyllenhaal,50,97,37
Zhang Hanyu,32,7,8
Dennis Alwood,4,0,0
_ahan Gökbakar,11,0,0
Cecilia Cheung,39,9,4
Blanchard Ryan,22,1,2
Dan Futterman,29,24,11
Chris J. Murray,10,0,0
Lloyd Bridges,218,4,4
Aleksandr Abdulov,94,3,4
Geno Lechner,65,1,1
Luke Evans,40,5,1
Stathis Papadopoulos,5,0,0
Ulrich Mühe,73,8,17
Anne-Marie Loop,12,0,0
Zana Marjanovi_,21,0,0
Amy Seimetz,70,16,6
Annika Marks,36,2,4
Jack Nance,39,0,0
Ian Carmichael,81,0,0
Tim Balme,29,1,4
Karra Elejalde,73,5,9
Chris Phillips,46,0,0
Tar_k Akan,85,1,0
Tyrone Power,52,1,2
Resmine Atis,13,0,0
Peter Liapis,23,0,0
Burt Reynolds,186,29,35
Michael Ealy,48,12,4
Antonio Banderas,110,41,41
Dennis Miller,99,0,0
Jean Marais,94,5,4
Lena Headey,78,41,6
Lily James,25,4,3
Ayesha Dharker,35,1,1
Raquel Welch,68,7,4
Jack Mulhall,447,1,1
Tom Cullen,27,4,4
Kazuki Kitamura,140,0,0
Martine Carol,50,0,0
Nikohl Boosheri,19,5,5
Jared Leto,50,36,50
Mohammad Amir Naji,25,2,2
Daniel Craig,73,31,15
Tim Haars,25,6,6
Alec Guinness,63,20,29
Mick Partridge,1,0,0
Sonny Chiba,199,3,2
Martijn Lakemeier,28,4,4
Bai Baihe,23,7,5
Moon Jeong-hee,2,0,0
Alan Alda,66,61,41
Sonam Kapoor,21,14,12
Hideo Sakaki,72,3,1
Aaron Abrams,73,2,2
Adriana Caselotti,5,0,0
Tom McGrath,25,11,3
John Cameron Mitchell,34,34,28
Ray Milland,177,3,7
Sinbad,46,4,1
Craig Sheffer,80,0,0
Emilia Clarke,18,36,7
Robert Taylor,67,0,0
Glenn Close,84,93,58
Natasha Lyonne,95,8,6
Noah Schnapp,12,4,2
Dmitriy Sharakois,14,0,0
Hamish Linklater,43,3,1
Aaron Eckhart,44,18,8
Matt Bennett,29,0,0
Spencer Klein,19,2,0
Christopher George,1,0,0
Ki_u Chinh,66,1,1
Silambarasan,27,1,1
Elizabeth Reaser,42,4,4
Walter Pidgeon,137,6,6
Marques Houston,25,2,1
Michael B. Jordan,45,40,23
Helen Mirren,131,125,123
Gene Wilder,37,10,7
Scott Walker,33,0,0
Geena Davis,48,30,10
Jon Prescott,37,0,0
50 Cent,60,21,3
Mickey Rooney,336,12,21
Christopher Plummer,215,63,46
Ha Jung-woo,33,20,15
Heather Beers,21,1,1
Barry Newman,53,2,1
Evan Glodell,3,4,3
Tim Meadows,83,2,2
Andy García,95,26,17
Howard Duff,138,1,1
Bill Paxton,97,23,10
Lilith Stangenberg,22,2,1
Barbara Hershey,101,21,16
Christopher Reeve,47,13,10
Jack Huston,40,4,8
François Cluzet,104,15,7
Mary Costa,11,2,1
Bill Murray,88,79,54
Drago_ Bucur,49,6,6
Abi Van Andel,14,0,0
Nicholas Gonzalez,85,0,0
Sterling Holloway,181,3,2
Lana Turner,60,6,5
Nilbio Torres,1,0,0
Maya Bulgakova,129,1,1
Miki Nakatani,64,6,6
Natalie Press,39,9,4
Edward Burns,35,5,10
Anamaria Marinca,45,10,12
"""Kieran OBrien""",79,1,0
Micheal Catalano,1,0,0
Michael Redgrave,75,3,4
Gad Elmaleh,52,1,1
Kim Darby,85,4,2
Toshiaki Karasawa,56,1,2
Türkan _oray,203,7,7
Steven Strait,17,1,0
Viggo Mortensen,57,93,35
Franchot Tone,112,2,2
Traci Lords,1,0,0
Lew Ayres,155,2,4
James Arnold Taylor,243,17,4
Michael Rapaport,113,10,5
Maggie Smith,85,97,46
Georgina Cates,25,1,0
Louise Brooks,24,0,0
Jeanne Moreau,146,10,22
Gabriel Damon,47,6,0
Tate Donovan,108,12,5
Shailene Woodley,34,69,37
Liv Ullmann,58,22,52
Hani Adel,21,0,0
Matthew Broderick,77,15,4
Rowan Atkinson,70,15,7
Rene Russo,29,28,5
Stacy Keach,211,9,7
Terry Jones,53,5,4
Tom Everett Scott,78,3,1
Efim Petrunin,14,0,0
Justin Whalin,32,5,1
Varun Dhawan,17,6,10
Michael Legge,30,2,1
Elena An,2,0,0
Zac Efron,56,32,30
Sean Young,123,6,3
Gaspard Schlatter,1,0,0
Brian Keith Allen,22,1,1
John Ritter,134,18,6
Paul Newman,85,67,37
John Krasinski,47,25,10
Vera Farmiga,56,77,19
Barry Pepper,53,16,8
Alexander Nathan Etel,5,5,0
Audie Murphy,50,1,2
Marla Sokoloff,60,3,0
Nathaniel Brown,4,0,0
Robin Shou,43,0,0
Haruhiko Katô,31,0,0
Kate Mara,64,5,3
Zhao Benshan,15,4,1
Judy Garland,40,9,8
Christopher Severio,13,0,0
Jensen Ackles,24,18,5
Cher,36,54,35
Teo Halm,9,0,0
Siddharth,34,4,1
Armin Mueller-Stahl,139,7,26
Gene Barry,88,3,3
William Moseley,25,3,1
Désirée Nosbusch,63,3,0
Andreas Lust,73,7,1
Jeff Chandler,52,4,2
Luke Kirby,50,5,0
Kodi Smit-McPhee,29,23,3
Edward Furlong,67,6,3
William H. Macy,137,65,42
Emile Hirsch,53,25,6
Barbara Harris,28,7,1
Jason London,124,2,2
Eddie Murphy,56,73,33
Stephen Moyer,62,8,4
Jason Ritter,104,7,2
Vera Brezhneva,9,3,0
Kristy Swanson,85,6,1
Seth Rogen,92,34,12
Patsy Garrett,33,1,1
Crusoe Kurddal,4,1,1
Luke Treadaway,42,2,0
Adelaide Clemens,30,1,0
Tim Ogletree,6,0,0
Jean-Claude Van Damme,71,9,2
Craig T. Nelson,85,16,9
Guillermo Díaz,91,7,1
Larry the Cable Guy,28,7,1
Diego Abatantuono,84,11,6
Stuart Whitman,188,3,4
Parminder Nagra,42,7,2
Tenzin Thuthob Tsarong,1,0,0
Frank Whaley,112,4,5
Charlie Cox,37,5,1
Greg Evigan,111,0,0
Chaney Kley,14,0,0
George Bancroft,1,0,0
Lacey Chabert,139,16,6
Kane Hodder,130,4,4
David Keith,298,18,6
Ken Tanaka,52,3,3
Y_lmaz Erdo_an,25,4,4
Alexandra Daddario,54,5,1
Ioan Gruffudd,75,5,2
Fabio Volo,13,3,1
Eric Mitchell,20,0,0
Maximilian Schell,112,18,21
Leelee Sobieski,44,10,5
Zoe Weizenbaum,5,2,1
Hayley Orrantia,7,1,0
Debbie Reynolds,87,37,20
LisaRaye McCoy,33,1,0
Choi Min-sik,28,12,21
Sam Worthington,51,17,6
Christopher Lambert,87,1,1
Ed Skrein,22,2,1
Amanda Bynes,21,19,9
Tami Erin,45,0,0
Liam James,17,8,2
Harley Venton,38,0,0
Jean Reno,99,3,2
Güne_ Nezihe _ensoy,1,0,0
Mirai Shida,61,1,1
William Shatner,238,43,25
Colin Firth,84,56,67
Ruby Barnhill,4,4,0
Diane Keaton,67,55,33
Howard Rollins,28,5,1
Dylan Walsh,62,1,0
Chuck Connors,135,2,2
Matthew Modine,110,10,12
Varun Sandesh,20,0,0
Todd Field,41,42,23
Zoe Lister-Jones,41,2,1
Michael Moore,6,31,47
Jay Hernandez,48,4,0
David Dastmalchian,63,1,11
Anna Faris,50,20,1
John Howard Davies,6,7,1
Chase Masterson,55,2,2
Stephen Baldwin,104,5,3
LL Cool J,48,37,21
John Magaro,36,3,3
Mel Blanc,1,1,1
Emilie de Ravin,25,6,2
Kees van Eyck,1,0,0
Matthew Macfadyen,45,9,5
Leslie Nielsen,248,7,7
Vladimir Ilin,90,3,11
Yuria Nara,1,0,0
Danny Trejo,371,6,3
Eileen Brennan,126,11,3
Marki Bey,12,0,0
Alyson Hannigan,51,17,5
Glenn Ford,109,10,7
Theodór Júlíusson,31,1,4
Cassandra Delaney,8,0,0
Jordan Ladd,55,2,2
George Segal,125,10,5
Tiffany Dupont,41,0,0
Paul Anderson,30,0,0
Brigitte Helm,36,1,1
Kenneth Branagh,67,63,36
Ananda Everingham,36,6,2
Parker Posey,100,13,4
Noah Hathaway,28,4,1
Sergei Astahov,47,0,0
Clancy Brown,274,12,2
Javal Davis,2,0,0
Alex Vincent,14,1,0
Garrett Hedlund,29,6,4
Patrick J. Adams,49,1,0
Jennifer Lawrence,31,176,115
Valerio Mastandrea,98,30,16
Ricardo Darín,88,33,34
Audrey Hepburn,34,40,24
Daniel Jordano,19,0,0
Matthias Schoenaerts,58,13,16
Richard Thomas,114,5,3
Phillip Glasser,35,1,1
Van Williams,46,0,0
Arch Hall Jr.,8,0,0
Michael Pollan,115,6,1
Dominique Pinon,168,3,5
Hallee Hirsh,59,5,2
Barbara Sarafian,52,1,3
Zdena Studénková,55,0,0
Trey Parker,28,24,21
Beyoncé Knowles,112,153,68
Everett McGill,28,2,0
Kaya Scodelario,23,8,1
Susan Sarandon,153,82,55
Kim Director,36,0,0
Stuart Townsend,36,2,2
Ted Danson,93,57,12
Alex Frost,18,1,1
Helene Costello,101,1,1
Vince Vaughn,67,14,7
Asta Nielsen,79,3,3
Lenore Zann,103,0,0
Kate Capshaw,28,0,0
Henry Cavill,24,12,2
Cathy Rigby,11,0,0
Paul Schneider,35,8,4
Agustín Silva,13,0,0
Christian Bale,52,83,66
Laurence Olivier,86,37,39
Winona Ryder,62,49,21
Liam Neeson,128,40,23
Brigitte Bardot,45,2,2
Jay Baruchel,60,10,4
Raúl Arévalo,62,21,21
Mick Jagger,86,6,9
Vanessa Hessler,12,0,0
Riz Ahmed,37,24,9
Josh Brolin,70,50,12
Ricky Gervais,49,58,25
Helen Gardner,61,0,0
Boris Kodjoe,49,9,0
Benicio del Toro,57,69,48
Fannie Ward,27,0,0
Ai Kobayashi,19,0,0
Jonah Bobo,12,2,0
Oleg Kulikovich,26,0,0
Katy Perry,52,54,19
Betty Hutton,32,2,5
Kate Beckinsale,51,34,9
Lyndsy Fonseca,43,10,2
Corinna Harfouch,104,11,18
Samuel L. Jackson,182,82,38
Chris Klein,43,4,2
Anne Reid,121,8,5
Bernie Mac,38,32,14
Brandon Routh,57,6,6
Andy Rodoreda,31,0,0
Ray Liotta,115,10,9
Dermot Mulroney,113,9,7
Priyanka Chopra,64,27,43
Diane Kruger,47,16,16
Shah Rukh Khan,103,63,75
Shiney Ahuja,21,1,1
David Tennant,121,29,27
Nate Parker,24,16,7
Jami Gertz,49,3,2
"""Paige OHara""",22,2,0
Paget Brewster,86,3,0
Erika Christensen,54,5,4
Chris Sarandon,104,5,1
Kevin Conroy,96,7,6
______ _____,1,0,0
Pernille Vallentin,9,3,4
Jennifer Beals,82,12,8
Adam Beach,92,9,7
Taraji P. Henson,66,66,31
Edith Meeks,8,0,0
Jet Li,51,15,4
Jo Min-soo,8,5,6
Alexandre Rodrigues,19,1,1
"""Josh Skreech Sandoval""",1,0,0
So Ji-sub,24,4,17
Olivia Newton-John,22,7,8
Peter Berg,51,19,5
Jamie Foxx,70,80,48
Akshay Kumar,136,34,16
Mads Ousdal,30,4,1
Anthony Edwards,59,26,15
Queen Latifah,90,87,35
Noah Ringer,3,1,0
Melonie Diaz,44,5,0
Muhammad Ali,6,1,4
Trisha Todd,1,0,0
Michael Paré,153,1,6
Ellis Cashmore,1,0,0
Eriq La Salle,57,18,10
Agniya Ditkovskite,19,2,1
Michael Douglas,60,42,50
Dan Mor,17,0,0
Heather Matarazzo,55,10,6
Zhao Wei,46,34,32
Bruno Ganz,121,15,27
Samuel Le Bihan,61,1,2
David Fandila,24,2,2
Pamela Anderson,49,9,2
Shankar Mahadevan,5,41,21
Agnes Bruckner,50,2,3
Matthew Daddario,10,6,3
Sharlto Copley,23,12,1
Benoît Magimel,74,3,5
Darci Kistler,1,0,0
Shane Carruth,8,28,6
Natasha Rinis,3,0,0
Matthias Schweighöfer,72,14,16
James Lorinz,32,0,0
Pat Boone,34,3,4
Takeshi Kitano,67,39,50
Gabrielle Union,79,27,7
Rhona Mitra,44,1,0
Neil Patrick Harris,94,59,28
Anne Dorval,35,20,11
Ben Lyon,72,1,1
Dr. Dre,42,20,5
James Marshall,41,1,0
Ryan Newman,18,4,1
Jason Trost,30,3,3
Tony Goldwyn,76,3,2
Nash Edgerton,44,23,46
"""MoNique""",30,26,57
Gene Tierney,41,3,3
Vincent Desagnat,56,0,0
Jack Warner,39,0,0
Malcolm McDowell,260,9,14
Henry Fonda,127,16,18
Peter Sallis,156,1,1
Catherine Zeta-Jones,41,34,18
Jennifer Westfeldt,28,1,4
Bogdan Benyuk,46,1,1
Jürgen Vogel,134,8,13
Bruce Reitherman,3,3,1
Deborah Harry,65,2,3
Vin Diesel,47,32,8
Kimberly Beck,70,0,0
Lea Thompson,95,5,5
Rodrigo Santoro,69,15,18
Chen Kun,37,9,8
Yumiko Shaku,57,0,0
Oprah Winfrey,33,83,52
Jonah Hill,60,58,9
Peter Strauss,85,7,7
Jamie Chung,50,3,5
Bruce Campbell,127,8,11
Joe Cocker,2,2,2
Minnie Driver,78,27,12
James Corden,66,38,18
Mariah Carey,124,124,72
Tiger Shroff,10,2,6
Art Parkinson,12,4,1
Kim Kkobbi,34,1,4
Michael Murphy,113,2,2
Mitch Cohen,7,0,0
Kevin Sorbo,133,5,1
Charis Michelsen,21,0,0
Jérémie Renier,60,14,9
Duane Jones,8,0,0
John Cena,72,1,1
Wang Baoqiang,38,5,8
Erin Cottrell,38,3,3
Tannishtha Chatterjee,43,1,4
Norman Wisdom,45,2,2
Madeline Carroll,39,2,0
Kari Hietalahti,97,2,1
Zhang Guoli,38,5,9
Renee Leblanc,1,0,0
Anne Bancroft,86,39,15
Denise Richards,94,7,4
Franky G,33,1,1
Klaus Maria Brandauer,77,14,30
Orson Welles,128,19,27
Cameron Diaz,55,83,33
Kemal Sunal,87,3,3
Abbie Cornish,39,24,14
Scout Taylor-Compton,78,3,1
Moni Moshonov,46,6,1
Joseph Gordon-Levitt,81,65,23
Stephen Rea,125,14,8
Mae Whitman,148,30,9
Alfred Molina,186,52,14
Tula Belle,18,0,0
Martin Escudero,46,3,1
Ray Winstone,136,18,14
Louis C.K.,37,85,26
Troy Donahue,101,2,2
Vijay Sethupathi,53,7,4
Pete Postlethwaite,102,13,5
Hayden Christensen,35,19,10
Guy Pearce,72,38,11
Dustin Hoffman,84,53,63
Derek Jacobi,151,14,14
Sophia Loren,95,33,65
Emma Stone,42,116,58
Alden Ehrenreich,20,15,1
Nikolaj Lie Kaas,65,16,15
Gary Busey,176,8,5
Jamie Bell,31,23,18
"""Shaquille ONeal""",34,3,1
Zana Briski,22,1,0
Fernando Fernán Gómez,213,19,42
Madhavan,79,10,8
Tobin Bell,113,4,4
Dominique Swain,98,9,6
Kari Heiskanen,74,3,5
James Caan,131,20,8
Richard E. Grant,124,6,7
Robert Gonera,75,1,1
Georges Méliès,170,0,0
Artur _mijewski,58,1,1
Danielle Harris,94,4,2
Bryce Johnson,76,1,1
Frank Langella,101,45,12
Frankie Muniz,47,27,13
Eli Wallach,169,6,9
Vasily Stepanov,3,2,0
Cathy Cavadini,108,1,1
Tom Selleck,83,24,19
Fay Masterson,88,0,0
Leonid Kuravlyov,189,1,1
Fransisco Arruda,3,0,0
Eitan Cunio,1,1,1
José Coronado,93,10,14
Patricia Arquette,64,53,49
Melissa Joan Hart,68,13,9
Chi Cao,1,1,0
Carl Brisson,13,0,0
Amanda Seyfried,53,17,7
Logan Lerman,29,21,7
Cary Grant,77,20,13
James Garner,98,37,18
Imran Khan,19,5,3
Joe Bishop,1,0,0
Anika Noni Rose,50,21,6
Sammo Hung,188,21,10
Stephen Dorff,89,6,5
Amy Brenneman,45,18,8
Louise Bourgoin,22,1,2
Sean Penn,66,108,73
Eric Wareheim,40,3,1
Dave Chappelle,28,13,7
Charles King,425,0,0
Ernest Borgnine,206,11,18
James Marsden,76,12,6
Bob Hoskins,119,15,24
Layla Olwy,51,4,4
John Travolta,77,58,54
Bernadette Peters,69,14,5
John Saxon,198,3,4
Billy Bob Thornton,93,54,32
Ashley Grace,29,0,0
Billy Crudup,47,6,9
Seth Green,184,30,9
Harry Dean Stanton,204,11,8
Taylor Lautner,26,31,19
Eric Allan Kramer,98,0,0
Angus Scrimm,58,1,1
Jim Parsons,38,64,21
Gregory Hines,47,13,7
Randeep Hooda,36,4,2
Valentinas Masalskis,28,1,1
Joseph Kaiser,5,0,0
Franco Nero,226,3,12
Thomas McHugh,6,0,0
Dana Carvey,44,14,5
Rick Roberts,94,3,2
Gloria Jean,40,0,0
Christopher Scott Cherot,6,2,3
John Simm,55,6,0
Scott MacDonald,77,0,0
Scott Weinger,38,2,1
Chris Stafford,6,1,1
Giovanni Ribisi,99,21,5
Emma Thompson,82,108,62
Rutina Wesley,19,5,3
John Gilbert,101,1,1
Dianna Agron,39,9,1
Rupert Friend,28,9,2
Parvathy Thiruvothu,24,4,11
Paul Scofield,41,13,12
Andy Serkis,96,52,39
Ron Perlman,243,12,8
Fairuza Balk,49,6,4
Keri Russell,43,35,8
Anna Karina,83,1,4
Felicity Mason,11,0,0
Anthony Quinn,168,19,9
Omar Epps,35,14,5
Carice van Houten,52,15,21
Nicole Kidman,84,183,90
Vanilla Ice,11,4,1
Carmina Villaroel,90,8,0
Diana Ross,10,7,9
Tom Arnold,166,3,5
Maggie Cheung,90,14,24
Michael Jai White,96,5,0
Patrick Warburton,168,9,3
George Carlin,44,27,18
Lon Chaney,197,0,0
Luke Goss,57,3,1
Brittany Murphy,65,19,3
Eric Freeman,6,0,0
Peter Falk,110,27,22
Jim Belushi,153,2,2
Alan Tudyk,113,15,11
Chris Kattan,63,2,1
Jennifer Coolidge,103,5,3
Oliver Cooper,24,2,0
Judd Nelson,118,4,2
Tristán Ulloa,52,14,4
Tammy Blanchard,51,10,4
Neve Campbell,60,11,6
James Stewart,99,22,27
Dale Midkiff,67,1,5
Dom DeLuise,125,3,4
AnnaSophia Robb,27,8,4
Raymond Thiry,103,4,5
Lucas Till,39,4,0
Tracey Ullman,53,42,34
Song Kang-ho,42,28,34
Zach Galligan,70,0,0
Marcell Nagy,5,1,1
Kathryn Burns,33,2,1
Gary Cooper,117,9,14
Dan Monahan,16,0,0
Katja Riemann,100,15,17
Leonid Yarmolnik,85,6,6
"""Wilbur Hi-Fi White""",4,0,0
Catherine Deneuve,133,24,36
Adrian Rawlins,98,2,0
Paul McGann,103,3,4
Aaron Stanford,32,1,2
Om Puri,315,6,10
Gene Hackman,100,41,32
Denzel Washington,56,168,83
Mélanie Thierry,46,2,3
Cliff Robertson,114,5,13
Lorenza Izzo,20,1,0
Münir Özkul,198,0,0
Gregory Smith,54,13,3
Tom Green,33,8,11
Lee Marvin,104,13,11
Scott Grimes,60,8,0
Shannyn Sossamon,41,7,1
Marisa Coughlan,41,1,1
Alberto Sordi,155,18,36
Warren Beatty,34,52,39
Matthew Le Nevez,35,2,2
Alicia Witt,82,4,3
Al Pacino,59,71,46
Matt Lanter,52,4,1
Sean Gullette,27,9,3
Zachary Levi,57,14,2
Jakob Oftebro,42,2,2
Tom Atkins,81,2,2
Norm Macdonald,51,2,1
Rupert Everett,73,22,13
Harriet Owen,5,0,0
Miguel Ángel Solá,97,9,14
T.I.,113,34,4
Sarah Polley,54,74,53
Richard Dreyfuss,120,16,18
Donald Pleasence,234,4,2
Richard Chamberlain,86,13,13
Ari Graynor,43,1,1
Ed Gale,58,0,0
Pierre Dulat,24,0,0
Vanessa Redgrave,140,75,47
Katie Jarvis,10,7,4
Vladimir Turchinsky,13,0,0
Terence Knox,81,1,1
Gérard Philipe,36,2,2
Debi Derryberry,252,5,0
John Paul Tremblay,27,9,2
Daniel Kaluuya,42,47,16
Liam Hemsworth,29,16,6
Roseanne Barr,30,38,19
Angelica Lee,24,8,4
Jean-Pierre Darroussin,113,8,8
Adam Rayner,28,0,0
Margaret Lockwood,63,3,2
Shad Moss,32,3,0
Ben Barnes,26,5,0
Ricky Schroder,59,14,10
Bobby Deol,46,1,1
Xavier Samuel,34,4,3
Michael Caton,48,4,2
Jan-Michael Vincent,84,5,4
Bridget Fonda,49,8,3
Ryan Kwanten,46,5,1
Dorian Corey,1,0,0
Martin Lawrence,37,11,5
Kristin Kreuk,18,14,2
Andrew Garfield,29,81,19
Stephen Chow,71,30,14
Carlos Gallardo,19,1,1
Jon Foo,15,0,0
Campbell Scott,79,12,7
Jude Law,72,59,19
Lee Ji-ah,12,1,1
Leonardo DiCaprio,42,210,98
Lubna Azabal,63,2,9
Goran Visnjic,53,3,3
Nancy Allen,40,6,1
Steve Carell,73,128,34
Olivia Cooke,18,10,2
Morgan Freeman,123,80,61
Melinda Clarke,55,1,2
Juno Temple,51,2,2
William Mapother,92,2,0
Anthony Dexter,25,0,0
Mahershala Ali,43,30,58
Marie Dressler,31,2,2
Lee Horsley,32,2,2
Ben Browder,44,4,2
Kuno Becker,47,2,1
Kathleen Quinlan,100,9,6
Albert Brooks,40,34,29
Ed Asner,384,30,36
Jodie Foster,80,50,59
Marlon Brando,46,35,30
Jay Chandrasekhar,28,6,3
Don Cheadle,88,103,35
Ho-jeong Yu,9,0,0
Connie Nielsen,55,8,5
Steven Seagal,57,11,1
Leo Howard,22,2,2
Lou Diamond Phillips,142,7,10
Keke Palmer,84,23,11
Iko Uwais,12,0,0
Toni Servillo,39,18,27
Joan Allen,47,64,36
Perdita Weeks,32,0,0
J.J. Johnson,70,0,0
Marco Leonardi,63,2,1
Jason Schwartzman,67,16,11
Gregory Harrison,111,2,0
Artyom Tkachenko,43,2,0
David Bowie,77,24,18
Ethel Waters,29,2,1
Jason Priestley,113,13,12
Nils Asther,82,1,1
Doris Svedlund,45,0,0
Royalty Hightower,2,7,2
Ali Suliman,40,3,3
Evgeny Mironov,54,10,19
Kirby Heyborne,37,0,0
Andrzej Chyra,80,4,5
Jay Brazeau,270,5,2
Sidney Poitier,55,42,27
Jake Johnson,65,7,1
Tina Fey,37,131,48
Fernando Alves Pinto,53,1,1
Katie Holmes,49,14,5
Daryl Sabara,75,1,2
Hilary Swank,49,43,57
Leonid Barats,11,1,1
Neil Maskell,101,5,0
Ana Girardot,28,1,0
Emily Watson,60,56,32
Paula Garcés,47,2,0
Paul Gross,50,20,17
Andrey Krasko,58,4,1
Anne Coesens,61,2,5
Carly Schroeder,27,5,3
Ingrid Thulin,68,3,8
Emily Bergl,44,2,0
William Kerwin,132,0,0
Martin Speer,30,0,0
Jim Henson,91,31,42
Shoshana Bush,29,0,0
Jeremy Theobald,10,1,1
Angela Schijf,31,5,5
Silvio Berlusconi,1,0,0
Leo Minaya,9,1,1
Ryan Robbins,129,9,8
Robert Gemp,1,0,0
Franca Mai,3,0,0
Jean-Paul Belmondo,91,8,8
Patrick Timsit,57,4,0
Wesley Snipes,65,12,9
Thomas Turgoose,25,4,4
Abhay Deol,25,5,0
Stephanie Leonidas,43,1,1
Deems Taylor,1,0,0
Bijou Phillips,34,1,0
James Blackwell,3,0,0
Lee Byung-hun,45,22,20
Buster Keaton,149,6,6
Jeffrey Chyau,2,0,0
Brian Hooks,53,1,0
Agata Trzebuchowska,2,7,1
Amy Acker,51,5,4
Jason Patric,50,5,3
David Spade,76,17,6
Gael García Bernal,57,38,36
Rider Strong,59,8,4
Adrian Titieni,77,5,3
Mick Foley,95,0,0
Paul Hubschmid,106,1,1
Chris Eigeman,29,2,1
Laura Camien,3,0,0
Lois Alexander,14,0,0
Thomas Kretschmann,130,6,4
Margaret Colin,70,1,2
Michael Parks,146,5,4
Dinesh Ravi,16,3,0
Annabeth Gish,86,5,2
Garret Dillahunt,84,10,6
Russell Brand,34,12,5
Clare Higgins,73,1,0
Gillian Anderson,61,76,28
Sean Patrick Flanery,103,1,1
Radha Mitchell,67,13,21
Kenan Thompson,67,10,2
Brady Corbet,38,13,8
Tracy Camilla Johns,8,1,0
Brianna Brown,64,2,4
Gary Walker,7,0,0
Ajay Devgn,115,19,18
Kelly Reno,4,1,0
James Cagney,70,5,13
Stefania Rocca,79,8,5
Skandar Keynes,7,3,1
Josef Sommer,100,0,0
Vincent Pérez,207,3,8
Igor Shmakov,3,0,0
Linda Blair,74,8,5
Shari Albert,27,0,0
Red Skelton,49,5,10
Gordon Warnecke,25,0,0
Natasha Henstridge,69,2,4
Paul Bettany,47,21,7
Tupac Amaru Shakur,1,0,0
Chris Pine,48,30,8
Jerry Seinfeld,25,43,20
Lesley-Anne Down,79,3,3
Elijah Wood,104,44,26
Dane Cook,46,4,3
Bruce Abbott,35,0,0
Son Ye-jin,29,6,18
Rebecca De Mornay,58,4,3
Gina Philips,48,0,0
Zhang Lei,7,1,1
Domhnall Gleeson,46,11,5
Ji Guanlin,5,0,0
Bill Pullman,94,3,7
Joan Plowright,75,8,9
Fionn Whitehead,6,2,0
John Mellencamp,31,2,0
John Abraham,61,10,5
Chen Kuan-Tai,146,0,0
Kevin Clash,202,20,30
John Savage,234,3,10
Jack Black,153,48,12
Elvis Presley,31,8,10
Fred Savage,51,16,13
Hayden Panettiere,68,26,12
Sean Maguire,43,0,0
Abhishek Bachchan,64,23,26
Irene Dunne,51,7,7
David Strathairn,132,39,14
Mark Hapka,36,0,0
Alexa PenaVega,91,12,4
John Barrymore,66,2,2
Julie Delpy,62,64,30
Michael Carbonaro,26,2,2
Morgan Spurlock,4,19,12
Freddie Prinze Jr.,48,15,8
Goldie Hawn,35,34,21
Fyodor Bondarchuk,66,22,9
Tang Wei,79,0,0
Germán Alcarazu,6,0,0
Brenda Blethyn,81,39,19
Mark Duplass,45,8,8
Hugh Jackman,57,87,29
Kevin Gage,63,1,0
Amy Adams,59,198,71
Brad Pitt,81,153,67
Jay Chou,14,14,5
Ritesh Deshmukh,51,12,9
Ilona Massey,23,1,1
Dana Snyder,85,2,1
William Gates,1,0,0
Brooke Shields,100,19,14
Anthony Michael Hall,89,3,2
Anton Yelchin,68,15,8
Robert Hays,82,0,0
Keenen Ivory Wayans,22,14,5
Jurnee Smollett,38,14,6
Fred MacMurray,98,4,4
Cloris Leachman,281,41,24
Peter Fonda,116,21,14
Chuck Norris,42,1,8
Yuriy Kutsenko,97,6,2
Topher Grace,53,15,7
George Nader,72,4,1
Lotta Losten,16,0,0
Martin Landau,175,24,30
Felicity Jones,41,40,12
Erin Fisher,6,0,0
William Holden,76,17,11
Mark Addy,59,7,2
Sergey Gorobchenko,51,3,0
James Spader,54,36,12
Nia Vardalos,41,18,9
Salman Khan,124,40,28
Will Ferrell,107,72,14
Haley Joel Osment,87,29,26
Mark Strong,104,7,3
Tom Felton,44,3,5
Ashley Bell,35,6,0
Jay Mohr,83,5,2
Sissy Spacek,64,49,41
Martin Henderson,41,5,0
Sylvester Stallone,83,65,59
Barrie Ingham,99,0,0
Richard Harris,77,16,12
Hyun Bin,21,1,2
Everlyn Sampi,2,1,1
Isabella Rossellini,87,17,12
Bela Lugosi,116,1,1
Heather Langenkamp,40,2,2
Tilda Swinton,82,152,64
Eric Bana,33,13,8
William Brent,37,3,3
Rick Moranis,40,5,3
Katharine Hepburn,53,40,28
Ciarán Hinds,109,11,7
Aditya Roy Kapoor,12,7,6
Sandra Bullock,57,112,76
Dane DeHaan,32,5,2
Robert Wuhl,41,5,2
Diane Lane,68,32,16
Phil Vischer,70,1,1
Joaquín Cosio,83,7,2
Kou Shibasaki,53,8,8
Anil Kapoor,132,14,24
Matt Damon,81,142,36
Laura Dern,88,54,23
Yul Brynner,47,5,3
Hitomi Kuroki,102,4,4
Jackie Chan,140,47,39
Diana Wynyard,1,0,0
Barney Clark,8,1,0
Annette Bening,43,115,56
Tim Curry,230,13,3
Robyn Lively,92,5,0
Kevin Peter Hall,19,0,0
Lisa Ann,56,1,0
Jason Clarke,67,7,3
Daniel Wu,75,12,3
Carroll Baker,84,6,5
Richard Egan,69,2,1
"""Dinesh DSouza""",1,0,0
Nivin Pauly,36,2,8
Aaron Taylor-Johnson,40,18,4
Peter Simonischek,76,10,9
Megan Faccio,1,0,0
Brit Marling,14,13,4
Judy Davis,65,53,48
David Naughton,89,0,0
Mark Frechette,3,0,0
Jessica Harper,42,1,1
Embeth Davidtz,40,1,1
Yul Vazquez,104,2,0
Leigh Whannell,33,7,5
Peter Coyote,160,3,6
Rachel York,36,0,0
Jon Heder,74,17,8
Isabel Jeans,39,0,0
John Goodman,158,72,31
Masey McLain,10,1,0
Norma Aleandro,83,13,17
Kirsten Dunst,83,68,34
Cherry Pie Picache,141,29,13
Patrick Macnee,174,1,2
Julia Dietze,86,0,0
Joe Morton,128,11,6
Minami Takayama,176,0,0
Anne-Marie Mallik,1,0,0
Karen Black,202,8,14
Jordana Beatty,7,2,1
Serdar Kebapçilar,4,0,0
Chang Chen,38,9,1
Daniel Day-Lewis,29,95,143
Arnold Schwarzenegger,71,37,25
Albert Finney,65,53,32
Leslie Easterbrook,104,2,2
Isaach De Bankolé,69,1,3
Warner Baxter,108,2,2
Jung Jae-young,1,0,0
Henry Silva,138,0,0
Robert De Niro,116,99,55
Quvenzhané Wallis,10,42,25
Kal Penn,68,5,0
Christoph Waltz,112,42,84
C. Thomas Howell,209,2,2
Ellen DeGeneres,32,81,92
Bruce Greenwood,148,20,7
Joan Crawford,106,8,9
Dhanush,43,20,24
Sergey Garmash,139,18,14
Jimmy Shergill,94,3,2
Eric Stoltz,124,4,10
Jon Abrahams,55,1,4
Rocky Mayor Anderson,1,0,0
Manuela Velasco,49,4,2
Jeffrey Hunter,69,1,1
Kieran Culkin,30,9,4
Carol Block,2,0,0
Essie Davis,50,31,16
Oliver Reed,120,3,2
Yuliya Vysotskaya,12,3,4
Matt Czuchry,25,6,0
Sonny Bono,32,7,7
Brendan Fletcher,121,10,8
Martin Donovan,107,6,3
Stanislav Boklan,26,1,1
Per Christian Ellefsen,39,1,1
Katee Sackhoff,57,9,2
Saffron Burrows,65,3,0
Rachel Dratch,88,2,0
Marina Neyolova,49,3,2
Ryan Gosling,43,142,35
Danila Kozlovsky,36,10,5
Stacy Valentine,46,0,0
Aimee Teegarden,30,3,1
Aleksey Chadov,39,6,4
Anna Kendrick,50,71,17
Tony Jaa,25,4,0
Chadwick Boseman,31,22,6
Roshan Seth,88,2,3
Jamie Lee Curtis,74,30,12
Nigel Havers,101,2,2
Jack Palance,126,6,9
Dax Shepard,51,2,0
Karl Glusman,19,0,0
Cees Geel,98,1,2
Karen Gillan,53,17,7
Larry David,20,63,15
Marc Lavoine,44,2,0
Lee Scott,2,0,0
Eddie Redmayne,38,70,22
Mohanlal,360,9,28
Dacre Montgomery,8,3,0
Selena Gomez,85,44,40
Adelelmo Jimenez,1,0,0
Amitabh Bachchan,229,53,58
John G. Brennan,11,0,0
Jonathan Taylor Thomas,37,11,5
Blake Lively,24,21,8
Brenda Vaccaro,102,10,10
Ellar Coltrane,13,20,7
Alycia Debnam-Carey,16,2,0
Coluche,28,1,1
May Clark,20,0,0
Otto Jespersen,15,1,0
Eleanor Boardman,32,1,1
Robin Weigert,69,5,2
Courtney B. Vance,69,14,10
Jada Pinkett Smith,46,23,6
Jacques Vermeire,26,0,0
Kofi Ghanaba,1,0,0
Sarah Cohen-Hadria,11,0,0
Peter Dinklage,76,51,19
Milla Jovovich,57,19,3
Elle Fanning,58,38,10
Garik Kharlamov,21,1,1
Jermaine Sullivan,1,0,0
Tom Cavanagh,81,14,5
Ryan Phillippe,57,15,10
Jon Foster,26,1,0
Robert Donat,21,5,4
Greta Garbo,32,6,14
Philippe Labro,4,1,0
Danny DeVito,132,39,14
Halle Berry,56,82,43
David Emge,4,0,0
Adam Brody,74,4,4
Dmitriy Dyuzhev,50,8,3
Mónika Garami,3,0,0
Michael Caine,170,65,38
Joel Edgerton,73,53,15
Peter Franzén,85,8,5
Chris Rock,73,67,19
Justin Long,91,8,3
Richard Joseph Paul,40,0,0
Nicolas Cage,97,65,45
Dennis Hopper,204,17,25
Leonard Mann,35,0,0
Leo Fitzpatrick,62,0,0
Lea Michele,11,29,12
Mike Myers,52,43,29
Ailín Salas,37,2,0
Brenton Thwaites,22,1,2
Bharat Jadhav,74,0,0
Fernanda Montenegro,79,24,40
Brandon Lee,10,2,1
Nicole Abisinio,14,0,0
Miranda July,11,16,25
William Hurt,100,30,17
Will Shortz,3,0,0
Victor Rasuk,39,8,0
Chris Riggi,34,0,0
Alex Kendrick,10,6,6
Patricia Tallman,45,0,0
Danielle Ryan Chuchran,43,4,1
Anna May Wong,63,1,1
Elisabeth Shue,56,12,9
Vittorio Gassman,130,7,34
Samuel Anderson,30,2,0
Sergey Chirkov,19,0,0
Charlie Yeung,30,3,0
Richard Coyle,52,0,0
Lukas Haas,93,8,6
Eliza Dushku,64,7,0
Sam Rockwell,102,59,45
Loreto Peralta,9,3,3
William Gillette,1,0,0
Leonor Watling,55,8,8
Sathish Ninasam,15,1,0
Khalid Abdalla,20,0,0
Judy Marte,22,3,0
Timothy Olyphant,60,21,4
George Clooney,89,200,90
Sara Paxton,77,8,2
Jennifer Jones,27,7,7
Lucille Ball,121,17,24
Gaspard Ulliel,45,7,7
Richard Gere,59,28,21
Daniel Brühl,71,27,24
Alex Karpovsky,56,4,1
Maika Monroe,28,5,4
Nawazuddin Siddiqui,87,14,17
Jocelin Donahue,37,1,1
Bruce Davison,258,10,11
Hui Lou Chen,112,0,0
Phyllis Haver,105,0,0
Gary Oldman,97,75,58
Reese Witherspoon,59,103,54
David Morse,94,13,7
Debra Messing,37,45,20
Dan Castellaneta,217,25,12
Luc Picard,56,10,6
Richard Arlen,180,1,1
Hilary Duff,72,27,19
Farley Granger,85,1,1
Monica Engesser,15,0,0
Helena Bergström,38,3,4
Mike Maas,39,0,0
Alfred Abel,140,0,0
Emma Roberts,51,26,6
Lori Cardille,13,1,1
Carol Burnett,73,52,45
Jane Levy,27,2,0
Eli Marienthal,17,1,3
E.G. Daily,205,2,0
Anushka Sharma,22,21,10
Amy Sedaris,103,6,0
Thierry Lhermitte,147,1,1
Patrick Stewart,153,51,19
Kevin Zegers,73,6,3
Helena Bonham Carter,94,87,45
Yoshiko Tanaka,53,5,5
Thomas Horn,3,1,3
Phoebe Cates,19,0,0
Silvia Seidel,26,1,3
Brad Johnson,46,1,1
"""Morgana OReilly""",20,4,0
Michael Dudikoff,61,0,0
Luke Wilson,77,4,10
Amber Valletta,28,0,0
Ronald Colman,62,5,4
Danny Glover,198,42,30
Johnny Yong Bosch,308,28,9
Rebel Wilson,33,18,6
Britt Robertson,52,4,3
Brendan Gleeson,98,43,16
Terence Stamp,89,14,9
Boris Karloff,207,1,4
Juliet Stevenson,83,8,15
Paddy Considine,46,31,14
Mark Webber,57,8,5
Vanessa Hudgens,54,19,5
Zach Braff,39,43,14
Oscar Isaac,47,50,21
Rose Leslie,19,2,1
Arthur Brauss,184,0,0
Kris Kristofferson,117,5,9
Kim Min-hee,25,11,11
Eddie Griffin,52,2,2
Evan Rachel Wood,56,42,18
Josh Hutcherson,48,24,19
Adam Sandler,74,77,54
Emily Browning,30,9,5
Spike Lee,18,78,53
Anthony Rapp,43,6,1
Anthony Perkins,67,6,9
Francesc Colomer,10,1,1
Anna Friel,68,8,5
Clint Eastwood,72,162,148
John Leguizamo,143,24,13
Kathryn Beaumont,13,0,0
Mikhail Boyarskiy,70,1,2
Brian Bedford,37,1,0
Clovis Cornillac,97,4,2
Mitya Borisov,1,0,0
Ashley Scott,35,1,1
Sam Kantor,4,0,0
Thomas F. Duffy,86,0,0
David Essex,2,0,0
Zoey Deutch,25,2,1
Betsy Palmer,61,1,1
Pat Morita,173,5,2
Rachael Leigh Cook,87,9,8
Tom Hiddleston,45,34,6
Nicoletta Braschi,19,10,3
N.N. Pillai,4,0,0
Sandy Dennis,36,5,4
Rutger Hauer,172,6,14
Robert Stephens,95,0,0
Lanny Ross,8,0,0
Dakota Blue Richards,14,5,0
Raphaël Personnaz,60,2,2
Bobby Driscoll,52,2,2
Donald Sutherland,190,30,18
Lauren Bacall,73,13,21
Antonio Albanese,25,18,9
Peter MacNicol,76,17,5
Jessica Lange,45,80,41
Dean Russell,2,0,0
Charlie Hunnam,26,5,2
Pam Grier,103,20,9
Alessandro Nivola,49,7,9
Ray Aranha,24,0,0
Stephen Boyd,67,4,1
Zachary Gordon,52,6,3
Amber Tamblyn,49,16,6
Kristina Asmus,11,3,1
Tomer Sisley,43,2,2
Kuei Ya-Lei,1,0,0
Fred Williamson,130,2,1
Cecilia Roth,85,14,17
Gabourey Sidibe,20,39,28
Nicole Grimaudo,43,1,3
Marilyn Burns,14,1,1
Shia LaBeouf,57,43,14
Hrithik Roshan,36,27,33
Pat O’Brien,149,4,4
Tyler Perry,40,41,13
Susan Buice,5,1,3
Cary Elwes,123,7,0
Hideaki Ito,59,1,0
Charlotte Roche,5,1,2
Amanda Schull,33,0,0
Phil Harris,42,3,0
Tom Payne,24,0,0
Lauren German,31,1,0
Dorothy Stratten,7,0,0
Li Bingbing,30,10,6
Robert Hill,18,0,0
Scott Eastwood,32,2,1
Wallace Beery,241,2,3
Rupert Graves,94,1,1
Jesse Bradford,53,3,2
Joanna Going,61,2,0
Barry Bostwick,172,6,1
Miguel Ferrer,126,5,4
Dorothy Dwan,39,0,0
Eddie Albert,204,7,4
Ilene Woods,3,0,0
Don Ameche,92,5,5
Ingrid Guimarães,41,6,0
Mitsuo Iwata,108,0,0
Carlo Ferrante,31,1,1
Sally Field,64,80,43
Kimberly Elise,40,15,14
Hedy Lamarr,35,1,2
Mary Elizabeth Mastrantonio,34,7,2
Y_ji Matsuda,57,0,0
Lewis MacDougall,5,10,1
Zach Cregger,24,1,0
Robert Carlyle,61,22,14
Sean Bean,132,11,16
John Belushi,13,6,2
James Rolleston,9,3,1
Jim Sturgess,39,3,2
Alice Eve,43,0,0
Michael Shannon,92,87,36
Premsinee Ratanasopha,2,0,0
Chris Hemsworth,39,32,11
James Wilby,89,2,7
Stanis_aw Brudny,78,0,0
Linh _an Ph_m,1,0,0
Drake Bell,103,3,9
Nastassja Kinski,70,9,11
Harrison Ford,80,40,41
Nat Wolff,30,7,4
Jesse Metcalfe,26,2,2
Garance Marillier,11,1,0
Christopher Lee,280,12,25
Rudolph Christians,10,0,0
John Wayne,178,18,26
Damon Wayans,36,16,6
Alan Cumming,120,29,13
Parker Stevenson,60,1,0
Ricardo Meneses,1,1,0
Alan Arkin,109,65,27
Michael C. Williams,15,1,0
Billy Zane,155,4,2
Merle Oberon,60,2,2
Salma Hayek,78,43,18
Steve Whitmire,124,9,4
"""Peter OToole""",100,48,36
Manoj Bajpayee,82,16,10
Brendan Sexton III,67,2,2
Ilka Bessin,13,6,5
Aqib Khan,12,0,0
Emmanuelle Riva,87,27,21
Gene Kelly,47,9,13
Kathleen Turner,61,19,14
June Ayers,16,1,0
Sook-Yin Lee,20,2,2
Michael Keaton,81,40,65
Steve Zahn,73,10,2
Charlie Tahan,30,1,1
Josh Duhamel,46,17,1
Lance Guest,48,0,0
Elio Germano,61,20,22
Jeffrey Tambor,206,36,22
Annabella Sciorra,67,4,1
Felicia Pearson,13,1,0
Mischa Barton,76,6,3
Birgitte Hjort Sørensen,29,8,0
Adrien Brody,65,36,13
Danny Kaye,30,10,10
Yanina Zhejmo,28,0,0
Irene Bedard,64,2,7
Burt Lancaster,87,22,25
Simon Pegg,94,21,10
Carl Weathers,75,2,1
Chris Brown,69,48,7
John Cleese,159,18,11
Bette Midler,46,49,31
Tyrin Turner,38,1,0
Briana Evigan,37,1,3
Mitch Gaylord,7,1,0
Alison Elliott,34,2,1
Cleavon Little,62,2,2
Kevin Conway,79,0,0
Daniel Radcliffe,39,43,15
Michael Rennie,117,0,0
Lisa Kudrow,76,73,13
Dudley Moore,47,8,5
Mia Farrow,59,24,8
Nanako Matsushima,36,2,0
Nick Cannon,52,28,4
Janet Jackson,49,122,74
Alison Lohman,30,8,3
Rudy Youngblood,12,0,0
Christopher Gorham,53,3,1
Stany Crets,56,1,0
Tsutomu Yamazaki,103,4,14
John Cusack,85,20,8
Jenna Fischer,46,20,7
Daniel Gillies,28,0,0
Ron Burrage,1,0,0
Jürgen Prochnow,135,1,6
Sean Hayes,54,43,22
Terrence Jenkins,20,2,0
Kôichi Hayashi,1,0,0
Koen De Bouw,73,7,2
Robert Mitchum,133,9,11
Bryce Dallas Howard,36,26,19
Robert Redford,79,50,40
Cotter Smith,88,0,0
Jonathan Rhys Meyers,54,16,7
Julia Ormond,49,13,7
Lud_k Munzar,127,0,0
Jamie Kennedy,102,8,6
Janet Gaynor,67,2,3
Liv Tyler,35,20,13
Emily Barclay,27,5,5
Tony Ail,22,0,0
French Stewart,111,6,0
Paul Mercurio,29,1,0
Fernando Colunga,32,0,0
Marc Antolin,4,0,0
Ma_gorzata Foremniak,44,1,0
Michael Pitt,44,7,3
Nikki Reed,32,10,3
Anthony Anderson,92,61,12
Christina Hendricks,61,28,19
Takehiro Murata,94,1,4
Romane Bohringer,65,1,1
Marianna Palka,30,6,2
Manuel Vignau,8,1,0
F. Murray Abraham,120,12,9
Melina Mercouri,20,7,3
James Cromwell,185,25,8
Kristina Orbakayte,23,7,12
Mike Epps,76,5,4
Nigel Terry,73,0,0
Erik Stolhanske,23,0,0
Trevor Morgan,49,7,2
Lil Dagover,140,2,3
"""Nicholas DAgosto""",40,0,0
Shelley Hennig,20,4,1
Jaden Smith,20,20,8
Gordon Jones,160,1,1
James Woods,143,39,21
Amy Steel,44,0,0
Zsófia Psotta,2,0,0
Robert Blake,163,13,6
Ally Walker,54,3,0
Rod Taylor,93,3,5
John Payne,73,1,2
Craig Wasson,17,0,0
Donatas Banionis,67,1,4
Drew Barrymore,76,57,33
Kurt Thomas,3,1,0
Park Hae-il,31,5,6
Claire Holt,15,1,0
Audrey Tautou,45,20,12
Angus Macfadyen,79,8,0
James McAvoy,54,32,18
Kathryn McCormick,9,0,0
Johnny Knoxville,44,13,0
Kerwin Mathews,34,1,0
Brahim Hadjadj,5,0,0
Melissa Rauch,26,10,0
M.L. Piyapas Bhirombhakdi,1,0,0
Imogen Poots,42,2,3
Krysten Ritter,54,7,1
Colin Clive,18,0,0
Jordan Peele,51,85,84
Barbra Streisand,24,46,44
Paul Giamatti,106,60,46
John Corbett,70,10,4
Courteney Cox,66,33,8
Jenna Dewan,37,2,1
Eyal Kitzis,8,0,0
George Peppard,58,3,4
Greer Garson,45,8,10
Minna Haapkylä,38,4,4
Lutz Dammbeck,1,0,0
Nicole de Boer,57,1,0
Virginia Mayo,70,2,2
Josh Stewart,44,1,0
Sanjeev Kumar,166,1,3
Ewan McGregor,83,48,29
Bobcat Goldthwait,101,11,8
Tony Barry,150,3,2
Alex Briley,13,1,0
Kim Rossi Stuart,48,28,32
Sam Smith,52,0,0
Ashley Olsen,50,8,9
Ross Partridge,61,4,7
Michel Simon,111,3,3
Rose McGowan,58,6,3
Marlon Wayans,40,17,5
Alfre Woodard,118,69,33
Geoffrey Rush,64,79,45
Lainie Kazan,113,8,5
Phyllis Thaxter,68,1,1
Vern Stierman,4,0,0
Tia Carrere,101,7,3
Sean Garlick,5,0,0
Piolo Pascual,60,23,20
Douglas Smith,53,1,2
Ed Speleers,27,2,1
Morgan Saylor,13,2,0
Ali Larter,33,5,4
Shannen Doherty,72,12,3
Mimi Rogers,111,3,1
Ryan Cartwright,28,1,0
Catherine Keener,80,56,18
AJ Michalka,45,2,1
Taron Egerton,17,6,2
Anna Nicole Smith,11,1,1
Michelle Jenner,49,11,10
Cynthia Nixon,84,45,21
Ingrid Bergman,55,20,35
Henry Ian Cusick,49,8,6
Isla Fisher,49,10,4
Benjamin Walker,21,0,0
Lizzy Caplan,62,10,3
Ann-Margret,85,26,19
Georgia Groome,24,1,1
Melanie Lynskey,76,16,7
Robert Downey Jr.,91,106,39
Alexander Siddig,52,2,0
Marcello Mastroianni,146,22,48
Sunny Pawar,5,7,3
Tshewang Dendup,3,0,0
Dane Clark,156,1,1
Lori Petty,67,2,3
Ice-T,88,10,2
Edmund Gwenn,95,2,4
Steve Agee,132,0,0
Estella Warren,33,3,2
Agnès Jaoui,32,15,22
Matt Johnson,8,21,7
Griffin Gluck,27,1,0
Loren Dean,34,1,0
Bruce Ramsay,80,1,0
Ken Watanabe,74,23,10
Philip Michael Thomas,56,2,1
Uma Thurman,64,65,26
Kim Cattrall,93,26,9
Maggie Gyllenhaal,45,42,22
Kristoffer Joner,58,5,8
Pål Sverre Hagen,30,3,6
Kristen Miller,44,1,0
Gila Almagor,59,2,3
Timothy Dalton,68,3,2
Chris Sanders,25,25,10
Peter Weller,80,8,2
Charles Grodin,66,5,4
Richard Attenborough,79,24,28
Dennis Quaid,96,27,13
Paul Michael Lévesque,102,0,0
Caitlin Stasey,22,1,1
Adèle Exarchopoulos,20,26,26
Ryan Reynolds,81,44,17
Valeriya Lanskaya,16,1,0
Robert Patrick,150,5,2
Timothy Bottoms,121,4,4
Billy Crystal,70,50,34
Joe Mantegna,146,9,9
Bobby Campo,36,0,0
Farhan Akhtar,17,24,28
Lindsay Lohan,54,36,19
Glenn Howerton,32,0,0
Matthew Perry,59,28,6
Ali MacGraw,15,7,6
Sullivan Stapleton,47,4,0
Juliette Binoche,73,53,34
Marina Zudina,29,1,2
James Karen,204,2,1
Ashley Greene,36,2,4
Joe Dallesandro,54,1,1
Jason Alexander,136,39,11
Austin Nichols,48,0,0
Eliú Armas,1,0,0
Jessalyn Gilsig,51,5,2
George Lazenby,1,0,0
Scott Bakula,75,18,6
Jennifer Carpenter,31,23,5
Alexander Skarsgård,61,15,12
Yekaterina Gorokhovskaya,11,0,0
Michelle Monaghan,45,8,4
John Hurt,208,16,23
Pierre Niney,25,7,4
"""Brendan OCarroll""",15,11,8
Simon Rex,57,0,0
Jim Cummings,540,17,7
Jean-Claude Brialy,189,3,2
Espen Edvartsen,4,0,0
Jennifer Love Hewitt,59,25,11
Marina Foïs,70,8,2
Andrew McCarthy,77,2,2
David Belle,17,0,0
Sebastian Cabot,111,4,3
Sean Astin,143,23,21
Toshir_ Mifune,184,4,18
Jeremy Irvine,21,2,1
Saif Ali Khan,68,30,22
Vinnie Jones,96,2,3
Valeri Solovyev,25,1,1
Talia Shire,72,7,8
John Lennon,84,10,15
Shu Qi,86,28,12
Natalie Portman,64,131,85
Valerie Red-Horse,6,2,6
Jonathan Cherry,37,1,0
Ami Ayalon,10,0,0
Suraj Sharma,13,8,3
George Kennedy,183,6,5
Prince,44,37,21
Sheri Moon Zombie,17,1,3
Sanaa Lathan,43,20,11
John Heard,180,2,1
Danny Dyer,86,6,2
Jeff Bridges,90,107,46
Paul Stevens,67,1,0
Lindsay Duncan,103,7,4
Pernilla August,74,16,18
Alec Baldwin,141,100,46
Ian McKellen,117,57,52
Kate Winslet,58,156,87
Jimmy Hunt,40,0,0
Ellen van der Koogh,6,0,0
Dina Meyer,89,1,1
Lamberto Maggiorani,16,0,0
Hideaki Anno,15,3,10
Joe Don Baker,82,4,1
Josh Hartnett,46,17,3
Johanna Braddy,55,2,2
Holly Hunter,60,88,44
Danny Aiello,101,6,6
Barry Otto,82,4,1
Michael Fassbender,60,141,78
Mannara Chopra,2,0,0
Matt Dillon,62,25,22
Daryl Hannah,92,11,6
Evan McGuire,1,0,0
Mae West,13,2,2
Hiroyuki Ikeuchi,95,0,0
Richard Johnson,141,2,2
Lau Ching-Wan,112,31,12
Bob Newhart,42,28,20
Derek Hough,12,13,3
Jesús Ochoa,106,4,4
Jena Malone,70,20,13
Karina Smulders,25,1,1
Laurence Fishburne,113,66,25
Michael Landon,59,5,8
Mariangela Melato,70,4,25
Robert Townsend,42,6,7
Kevin James,33,14,2
Simon Abkarian,88,1,3
Kamal Haasan,255,22,48
Meryl Streep,84,359,174
Andrei Panin,75,10,5
Johnny Simmons,33,1,1
Brian Bosworth,23,2,0
Whoopi Goldberg,175,84,57
Marijn De Valck,34,0,0
Portia de Rossi,37,7,4
Sam Callis,18,1,1
Robert Evans,15,2,10
Michele Riondino,34,10,9
Mary Kay Place,135,8,2
Carter Jenkins,51,6,5
"""Terry OQuinn""",116,24,6
Maren Ade,41,0,0
Eli Roth,30,9,14
Scott Adsit,113,12,1
Mila Kunis,63,56,14
Gary Sinise,53,17,18
Olga Kurylenko,45,5,2
Broderick Crawford,146,5,5
Jordana Brewster,29,12,0
Elizabeth Berkley,63,6,3
Jennifer Garner,59,53,12
H.B. Halicki,5,0,0
Andrea Riseborough,46,12,19
Ingvar Eggert Sigurðsson,77,5,13
Matilda Anna Ingrid Lutz,14,0,0
Alberto Laiseca,1,0,0
Sheryl Lee,62,6,0
Anton Shagin,19,3,3
William Feng,36,1,1
Bob Balaban,115,18,11
Rob Schneider,87,15,4
Taimak,23,0,0
Liza Minnelli,36,18,20
Zuhab Khan,5,0,0
Kevin Farley,98,0,0
Odette Annable,40,4,1
Christina Ricci,75,34,19
Gabriel Byrne,108,18,7
Olivia Hussey,58,3,2
Philip Seymour Hoffman,65,100,90
Henri Garcin,123,0,0
Regina Casé,37,2,12
Carla Gugino,97,9,2
Peter Cushing,131,1,4
Tom Sturridge,23,0,0
Maz Jobrani,73,2,2
Richard Burton,79,23,21
Adam Carolla,40,3,3
Peter Ustinov,101,21,20
Piper Laurie,116,21,13
Sridevi Kapoor,295,16,20
Tom Waits,43,6,6
Glen Hansard,3,15,12
Meg Ryan,49,30,15
Josh Zuckerman,62,2,0
Ralph Macchio,52,4,4
Jessica Alba,62,40,16
Simon Baker,42,18,8
Ed Harris,103,51,32
Brad Davis,37,4,2
Vishnu Vishal,18,1,0
Levi Miller,11,3,2
Myles Berkowitz,3,1,1
"""Josh OConnor""",25,4,4
Lee Evans,22,2,2
Vivien Leigh,20,3,10
María Valverde,35,3,7
Peter Horton,51,7,6
Helen Shaver,90,17,8
Mark Dacascos,79,1,0
Julian Morris,35,0,0
Tobias Menzies,58,3,1
Julian Sands,138,1,1
Roselyn Sánchez,39,10,1
Eminem,56,74,43
Doran Godwin,20,0,0
Andy Samberg,81,34,6
Tom Skerritt,168,11,7
Nikola Rako_evi_,43,2,2
Robert Pattinson,35,49,42
Amy Schumer,24,40,18
Hiroshi Mikami,45,0,0
Dmitriy Endaltsev,14,0,0
Cybill Shepherd,71,18,13
Kevin Pollak,144,8,4
Jason Flemyng,128,4,0
Rosario Dawson,95,44,11
Agathe Bonitzer,36,1,0
Warwick Davis,83,4,0
Lance Henriksen,248,16,18
Sam Waterston,96,37,7
Lee Jung-jae,34,5,10
Jesse Eisenberg,46,57,22
Sergei Bodrov Jr.,4,8,15
Simone Spoladore,34,12,8
Ty Burrell,40,47,18
Lance Bass,54,4,2
Shane Dawson,38,3,2
Whitney Able,36,1,0
Giuseppe Andrews,49,0,0
Joyce Taylor,36,0,0
Allison Anders,2,9,8
Marc Singer,89,0,0
Rumer Willis,40,2,3
Jack Holt,192,1,1
Anya Taylor-Joy,20,13,9
Ranbir Kapoor,29,27,28
Matt Day,55,4,0
Kevin Bernhardt,17,1,3
Thora Birch,52,27,18
Olivia DeJonge,13,4,1
Paul Fenech,17,2,0
Demi Moore,62,28,15
Innokentiy Smoktunovskiy,105,2,8
"""OShea Jackson Jr.""",9,5,4
Hart Bochner,55,0,0
Samantha King,1,0,0
Denis Leary,67,19,5
Stephan James,26,7,3
John Turturro,107,32,20
Pulkit Jawahar,1,0,0
Gregory Peck,60,24,32
Kenny Wormald,21,0,0
Isabelle Adjani,50,9,26
Alain Delon,107,4,11
Teresa Palmer,32,9,0
Max Brebant,1,1,0
Felicity Huffman,58,54,28
Gong Yoo,19,9,3
Ad van Kempen,71,2,0
Chief Thundercloud,82,0,0
Ben Stiller,125,59,13
Jennifer Tilly,119,13,8
Jodelle Ferland,70,16,1
Buddy Hackett,54,1,1
Sarah Michelle Gellar,55,31,22
Jacques Briere,1,0,0
Michael J. Fox,71,63,31
Rickson Tevez,1,0,0
Brandy Norwood,39,65,24
Lorraine Gary,33,2,0
Eleni Kastani,35,0,0
Maxwell Caulfield,83,2,1
Ken Marshall,24,1,0
Shane McDermott,5,1,0
Skeet Ulrich,42,1,3
Blythe Auffarth,23,1,1
Charlton Heston,128,20,16
Samy Naceri,54,1,3
Jason Statham,49,3,1
Ajith Kumar,59,10,10
Roman Wilhelmi,46,3,3
Ivana Baquero,19,10,10
Jeremy Piven,95,25,5
Michael Angarano,63,4,6
Andrew Dice Clay,39,4,1
Mikko Nousiainen,44,1,0
Adam Driver,41,39,15
David Suchet,109,7,8
Dany Boon,41,7,4
Jasmine Trinca,29,11,17
Zoe Kazan,30,11,5
Chyler Leigh,26,2,1
Kevin Dillon,45,13,1
Klaus Kinski,136,4,4
Bud Spencer,77,3,7
Joey Lawrence,75,9,1
Dolph Lundgren,88,3,3
Cécile de France,53,10,11
Allison Miller,30,0,0
Liev Schreiber,80,38,20
Rod Paradot,8,3,3
Tori Spelling,57,6,2
Marc Blucas,65,1,1
Alina Babak,9,0,0
Nia Long,62,13,7
Hulk Hogan,150,1,1
Sheila Vand,41,1,1
Joanna David,93,0,0
Jason Yachanin,8,0,0
Howard Keel,45,2,3
__·__,1,0,0
Kirk Cameron,40,8,11
Mark Polish,14,1,1
Amanda Donohoe,58,2,1
Patrick Huard,34,10,2
Vladimir Mashkov,48,16,15
Kinga Preis,58,10,8
Jennifer Lopez,102,78,30
Molly Shannon,122,14,10
Daniel Tay,7,0,0
Deepika Padukone,34,60,71
Keisha Castle-Hughes,24,12,11
Chelcie Ross,90,0,0
Lillian Gish,122,3,11
Barret Oliver,22,4,1
Carmelo Gómez,55,7,13
Michael Jordan,45,40,23
James Earl Jones,189,26,25
Charisma Carpenter,58,4,0
Janeane Garofalo,149,14,5
Channing Tatum,55,56,21
Fredric March,86,15,10
Adam Bousdoukos,59,1,3
Kim Hye-ja,1,0,0
Deborra-Lee Furness,43,2,4
Candy Clark,69,3,3
Kunal Khemu,27,1,0
Marc Donato,54,11,3
Jeremy Sumpter,33,4,3
Casper Van Dien,126,3,3
Emily Deschanel,29,13,0
Hwang Jung-min,40,17,11
Katharine Ross,66,4,8
"""Rickey DShon Collins""",42,3,0
Keir Gilchrist,49,1,0
Clayton Moore,80,1,3
Marat Basharov,59,2,0
Joey King,59,9,4
Madina Nalwanga,1,6,0
Bill Hader,104,33,7
Mathieu Amalric,121,39,22
Denise Aron-Schropfer,24,0,0
Anna Paquin,50,50,16
Kellan Lutz,43,7,4
Roger Moore,95,9,11
Natalie Dormer,35,5,1
Lee Majors,123,6,6
Victoria Justice,48,16,3
Victor Lundin,31,0,0
Ariana Richards,28,5,4
Stephen Lang,126,10,6
Scott Glenn,97,1,0
Emma Watson,22,59,24
Ginnifer Goodwin,34,15,3
"""Aulii Cravalho""",5,8,6
"""Chris ODonnell""",36,6,5
Teodor Corban,26,1,3
Max Riemelt,65,6,8
Charles Laughton,65,6,6
Mariya Aronova,32,4,6
Edward Norton,44,80,49
Karlheinz Böhm,71,3,4
Marlee Matlin,65,15,3
Walter Matthau,107,16,12
Edward G. Robinson,112,1,6
Alia Bhatt,19,15,13
Randolph Scott,108,1,2
Snoop Dogg,138,34,6
Olga Sutulova,28,1,2
Jake Hoffman,29,0,0
"""Dylan OBrien""",16,6,12
Jamie Campbell Bower,21,3,0
Ranveer Singh,17,10,20
Jim Varney,53,1,1
Magdalena Mielcarz,14,0,0
Emilio Estevez,47,11,4
Emmanuelle Chriqui,81,9,1
Gerard Butler,60,15,4
Yuka Imoto,2,0,0
Alain Chabat,65,5,2
Sergei Bezrukov,52,7,3
Janine Duvitski,77,0,0
Jason Biggs,51,15,4
Miley Cyrus,56,50,23
Matthew Goode,45,16,3
Pawan Kalyan,27,4,2
Jean-Claude Donda,38,0,0
James Franco,151,131,46
Michael Beck,43,2,0
Kristin Scott Thomas,91,47,28
Pyotr Fyodorov,46,3,0
Kara Hayward,14,14,2
Keira Knightley,57,97,30
Clarence Williams III,108,5,0
Bill Maher,47,81,9
Zach Galifianakis,72,37,22
David Andrews,106,1,0
Janet McTeer,63,30,11
Gary Dourdan,69,6,5
Michael Crawford,49,4,1
Barry McEvoy,15,0,0
Mary Pickford,249,3,3
Alan David,102,0,0
Martin Balsam,176,5,3
Sihung Lung,42,1,4
Usher Raymond,59,48,13
Debra Winger,47,27,8
Ali Zafar,11,2,1
Vladimir Garin,1,1,1
Michael Moriarty,85,16,6
Bob Holt,116,0,0
André Benjamin,22,13,2
Michael Peña,89,7,13
Harman Baweja,6,0,0
Nicholas Hoult,53,13,4
Minka Kelly,39,5,0
Ed Begley Jr.,314,11,3
Julie Benz,89,5,3
Blythe Danner,111,23,8
Ice Cube,62,25,9
Anupam Kher,420,17,15
Sasha Grey,1,0,0
Veronica Taylor,166,4,0
Kevin Costner,61,59,54
Louie Leonardo,23,0,0
Michael Madsen,293,5,8
William Powell,96,5,5
Ron Moody,88,3,4
Kay Panabaker,42,6,4
Ronnie Barker,75,7,6
Colin Farrell,57,57,14
Charlize Theron,59,103,59
Santiago Segura,117,3,8
Jaime Pressly,68,12,6
Desmond Harrington,42,5,1
Brett Granstaff,12,2,1
Mark Wahlberg,65,71,22
Christopher Abbott,32,11,4
Ossie Davis,107,15,13
Anne Hathaway,44,106,65
Jerry Springer,35,2,2
Jonny Lee Miller,52,12,1
David Rasche,129,2,2
Rooney Mara,33,66,29
Lambert Wilson,124,10,2
Brie Larson,58,54,60
Faye Dunaway,115,36,24
Nicholas Blandullo,1,0,0
George C. Scott,96,24,13
David Boreanaz,26,17,5
Jean Dujardin,54,41,22
Cedric Hardwicke,111,3,3
Blake Jenner,15,2,2
Ron Fazio,4,0,0
Robert Armstrong,183,2,2
Renée Zellweger,46,74,30
Mikhail Galustyan,19,2,0
Kathy Bates,123,89,34
Timothy Hutton,83,15,9
Grigoriy Dobrygin,12,1,2
Jim Dine,2,0,0
Graciela Borges,72,8,8
Baki Davrak,30,0,0
Patty McCormack,151,2,2
Paul Walker,42,11,7
Dragan Bjelogrli_,81,3,1
Fred Astaire,50,7,19
Vincent Gallo,45,15,7
Rob Brown,14,5,4
Robert Duvall,143,63,57
Robin Tunney,50,4,3
Richard Linklater,11,145,111
Tippi Hedren,84,2,9
Clu Gulager,165,2,1
______ _______,1,0,0
Valeria Bruni Tedeschi,90,23,30
Subcommandante Marcos,1,0,0
Erica Gavin,7,0,0
John Huston,54,66,40
Sergio Rubini,86,27,18
Martina Gedeck,126,20,19
Colin Hanks,54,8,2
Jerry Lewis,72,16,17
Graham Chapman,28,1,0
Ben Cross,97,5,1
Eva Longoria,51,28,11
Susan Ward,33,1,0
Katherine Waterston,43,10,1
Kad Merad,83,3,1
Piper Perabo,46,6,3
Bob Proctor,1,0,0
Candace Evanofski,4,2,1
Christopher Guard,54,0,0
Stephen Nichols,42,2,4
Eddie Garcia,651,35,40
Christopher Jacot,84,0,0
Ferdia Walsh-Peelo,4,4,0
Dan Aykroyd,105,15,4
Ben Gazzara,133,9,10
Andrew Divoff,107,0,0
Will Arnett,111,29,14
James Nesbitt,73,22,11
Kyle Catlett,12,2,1
Jim Broadbent,157,55,23
Shirley Temple,60,5,5
Orlando Jones,69,4,0
Ken Wahl,16,4,1
Tatsuya Fujiwara,65,4,2
Elizabeth Olsen,24,34,12
Jack Buchanan,33,0,0
Jeff Fahey,158,4,0
Elizabeth Taylor,78,33,38
Stewart Granger,78,3,3
Eric Bogosian,60,1,2
Judi Dench,125,174,63
Christophe Malavoy,96,3,2
Megan Fox,32,21,7
Britney Spears,94,52,24
Diogo Morgado,72,7,4
Kate Tsui,23,2,1
Jeffrey Dean Morgan,68,3,4
Elizabeth Hurley,41,4,1
Javier Bardem,62,80,102
Tom Welling,13,18,1
Ben Winchell,17,0,0
Chris Warren,22,1,0
John Candy,66,14,4
Norma Shearer,65,7,3
W. Somerset Maugham,1,0,0
Paul Dano,37,47,23
Viktor Mikhaylov,47,0,0
John Laurie,162,0,0
Laureano Olivares,30,1,1
Siddhi Mahajankatti,1,0,0
Tom Burlinson,27,0,0
Justin Bieber,37,61,34
Isabelle Huppert,137,52,106
Will Forte,90,29,6
María Mercedes Coroy,3,1,1
Daisy Ridley,33,24,8
Darlanne Fluegel,27,0,0
Rufus Sewell,63,6,0
Guillaume Canet,67,16,10
Samira Maas,8,1,1
Tommy Lee Jones,83,90,43
Grégoire Ludig,29,0,0
Scott Adkins,59,1,1
Andrew Robinson,108,5,1
Gérard Depardieu,235,34,24
Gina Lollobrigida,68,7,32
Naomi Watts,85,88,57
Bruce Willis,119,38,22
Zoe Sloane,11,0,0
Donald Faison,84,14,2
Darsheel Safary,6,2,2
Elizabeth Banks,87,35,16
Iris Apfel,1,1,1
Shawn Hatosy,69,2,0
Will Smith,78,125,62
Andy Kaufman,9,7,2
Kristen Connolly,30,1,0
Richard Anconina,51,2,2
Angelina Jolie,54,111,56
Ida Lupino,105,5,10
Charlie Trairat,14,1,0
Aubrey Plaza,66,20,4
Jakob Salvati,11,1,0
Björk,59,39,18
Vincent Cassel,83,19,8
Alexandra Meierhans,2,0,0
Shirley MacLaine,76,71,46
Carrie-Anne Moss,72,9,5
Jodi Benson,72,3,0
Mandy Moore,72,19,9
Scott Mechlowicz,16,1,1
Stephen McHattie,208,9,3
Michelle Yeoh,51,19,7
Shirley Henderson,81,12,11
Cathy Lee Crosby,37,0,0
Cillian Murphy,53,36,7
Carmen Electra,91,6,2
Helen Hayes,59,12,8
Ludovico Tersigni,6,1,1
Mariska Hargitay,52,36,11
Abigail Breslin,47,32,26
Elena Lyadova,28,3,11
Wasabi Mizuta,31,0,0
Frank Rautenbach,12,0,0
Ming-Na Wen,77,4,2
Betty Grable,85,1,1
Ben Whishaw,54,15,8
Richard Widmark,76,5,7
Diane Ladd,139,12,12
Tom Hanks,88,152,84
Jeff Speakman,20,0,0
Penelope Ann Miller,81,6,3
Judith Hoag,106,0,0
Chris Cooper,73,43,35
Natalie Alyn Lind,19,1,0
Koji Yakusho,97,28,24
Irrfan Khan,148,22,23
Nola Roeper,21,0,0
Ethan Juan,23,4,1
Nick P. Ross,22,0,0
Kelly Clarkson,40,31,8
J. Michael Trautmann,32,2,0
Emraan Hashmi,45,16,0
Patrick Wayne,75,3,3
Craig Ferguson,68,12,4
Naseeruddin Shah,228,22,13
Jamel Debbouze,33,3,1
Irene Richards,22,0,0
Cyrielle Clair,58,0,0
Spencer Tracy,79,22,12
Dirk Bogarde,71,9,9
Matthew McConaughey,68,80,48
Vijay Deverakonda,17,2,2
Keir Dullea,86,3,3
Christopher Reid,25,2,0
Bruce Lee,32,2,2
John Cho,110,6,2
Shahid Kapoor,42,16,19
Shin Ha-kyun,42,1,1
Kate Hudson,39,37,18
Helen McCrory,68,6,4
Whitney Houston,50,43,18
Joaquin Phoenix,52,114,37
Baya Rehaz,18,2,2
Mabel Normand,220,1,1
Chris Massoglia,15,1,0
Humphrey Bogart,84,6,7
Juliane Köhler,58,7,3
Tommy Snider,26,0,0
James Farentino,93,2,1
Julie Andrews,44,34,28
David Johansen,43,1,0
Al Gore,3,6,6
Tatsuo Matsumura,87,1,0
Cedric the Entertainer,75,15,10
Cheryl Dunye,7,5,9
Hope Davis,55,19,6
Jane Alexander,75,24,12
Hend Ayoub,12,0,0
Hattie Morahan,39,1,1
James Franciscus,76,3,2
Ann Altieri,5,3,0
Kristen Bell,94,39,12
Michel Blanc,91,9,5
Jared Harris,84,14,7
Michiel Huisman,47,5,1
Dolly Read,9,0,0
Joel Kinnaman,47,2,1
Wes Bentley,48,11,6
Vyacheslav Krikunov,9,0,0
Philippe Noiret,155,8,13
Sarah Drew,36,1,1
Jason Scott Lee,38,3,0
David Attenborough,79,24,28
Jason James Richter,28,3,3
Ben Kingsley,141,70,46
Rumi Hiiragi,26,1,1
Vincent Price,207,3,8
Demetri Martin,23,2,3
Dwayne Johnson,102,52,12
Steve Martin,64,43,28
Taylor Kitsch,26,10,2
Denise Crosby,96,1,1
Lewis J. Stadlen,30,0,0
Denis Nikiforov,28,4,1
Joe Alwyn,7,1,1
John Lone,24,3,3
Til Schweiger,75,6,26
John Ireland,201,3,3
Huang Bo,37,16,9
Camilla Belle,40,5,0
Brendan Fraser,70,11,8
Oksana Akinshina,31,7,6
Frances Conroy,100,24,4
Rick Malambri,16,0,0
Louise Grinberg,15,0,0
Blake Woodruff,9,1,1
Rica Matsumoto,105,0,0
Nick Frost,58,3,2
Yue Song,2,1,0
Ben Stein,80,6,5
George Burns,55,5,17
Tadanobu Asano,108,10,14
Saïd Taghmaoui,70,2,1
Marilyn Monroe,33,11,8
Senta Berger,157,6,20
Tim Roth,104,25,19
Eva Green,23,20,6
Paul Kaye,112,2,1
Lola Dueñas,53,11,19
Rémy Girard,105,12,5
Andrey Muravyov,7,0,0
Alan Rickman,69,37,19
Stepan Shkurat,25,1,1
Bo Derek,40,10,8
Holly Marie Combs,26,3,1
T.J. Miller,74,5,1
Johnny Messner,69,1,0
Tim Robbins,73,40,37
Olivia Taylor Dudley,35,0,0
David Caruso,45,5,1
Brit Morgan,42,0,0
Vivica A. Fox,189,17,6
James Ransone,67,2,2
James Van Der Beek,62,3,5
Richard Jordan,55,2,1
Bruce Payne,89,0,0
"""Roscoe Fatty Arbuckle""",166,1,1
"""Jerry OConnell""",115,2,1
"""Catherine OHara""",101,28,15
Bob Dylan,9,16,10
Jeff Goldblum,123,25,12
Marion Cotillard,84,114,78
Billy Campbell,72,7,4
Kristen Stewart,54,67,48
Monica Potter,24,8,2
Samantha Morton,55,61,23
Angela Tucker,1,0,0
Woody Harrelson,94,91,30
Joseph Fiennes,38,11,9
Divine,13,2,2
Nichola Burley,34,0,0
Kevin Hart,86,34,15
Linus Roache,59,3,3
Eduardo Noriega,59,8,7
Jennifer Jason Leigh,97,63,27
Aaron Paul,79,16,20
Dana Kimmell,32,2,0
Ekaterina Vilkova,49,0,0
Serhat Tutumluer,20,1,1
Craig Conway,47,1,1
Ramon Novarro,63,2,2
Craig Bierko,80,1,0
Marcos Hernández,1,0,0
Mark Hamill,328,20,21
Jason Robards,130,20,15
Mena Suvari,72,5,4
Elliott Gould,185,11,3
Perry King,98,3,8
Hayley Atwell,44,12,1
Clive Owen,74,38,21
Lal,360,9,28
Tanya Roberts,41,3,0
Jake T. Austin,31,15,1
Shawn Wayans,19,9,5
Christopher Toler,11,0,0
Hiroyuki Sanada,97,4,17
Dan Stevens,39,14,4
Alexis Bledel,31,18,10
Clark Gable,82,6,4
Benjamin Lutzke,6,1,2
Dulquer Salmaan,34,3,5
Sid Haig,152,2,7
Alex D. Linz,36,5,2
Max Thieriot,19,2,1
Kevin Kline,65,34,8
David Hedison,93,0,0
Deborah Kerr,53,26,20
John Lithgow,114,51,28
"""Jack OConnell""",39,11,14
Sônia Braga,85,16,17
Sylvia Sidney,109,7,6
Sam Elliott,99,8,11
Heath Ledger,23,57,77
Bruce Dern,170,35,17
Michael York,166,5,6
Idris Elba,89,83,25
Mara Wilson,20,6,3
Fabrizio Bentivoglio,72,25,22
Ben Weber,32,0,0
Jacob Tierney,49,12,12
Mary Elizabeth Winstead,54,18,4
Alan Young,106,6,4
James Frecheville,19,3,0
Lena Dunham,28,39,10
Melvil Poupaud,78,8,5
Ryan Guzman,21,1,0
Robert John Burke,87,3,0
Donnie Dunagan,7,0,0
Richard Pryor,49,16,14
Pyotr Mamonov,15,3,4
Allen Payne,26,1,0
James Coburn,173,8,9
Aamir Khan,51,46,35
Steve Sandvoss,19,0,0
Gugu Mbatha-Raw,46,23,7
Sam Hennings,84,0,0
Dev Patel,19,39,20
Steve Harvey,12,18,18
Howard Stern,5,3,3
Chiwetel Ejiofor,50,75,54
Viola Savoy,2,0,0
John Jarratt,86,5,2
Suriya ,47,18,9
Tom Hardy,55,77,17
Hans Matheson,30,0,0
Wil Wheaton,126,5,6
Andy Lau,170,42,18
Sophie Marceau,45,5,8
Jonathon Trent,32,0,0
Danny Elfman,12,100,80
Sandy Duncan,35,4,2
Bruno Corazzari,99,0,0
David Arquette,124,5,8
Mads Mikkelsen,53,34,29
Shabana Azmi,153,8,24
Victor Love,49,1,0
Ellen Barkin,65,9,6
Thomas Haden Church,66,21,30
Yvette Mimieux,1,0,0
Saoirse Ronan,29,136,64
Lin Kun-huei,1,0,0
Julia Stiles,55,18,15
Richard Crenna,118,9,5
Louis Hayward,69,2,2
Emma Bell,39,2,1
Linda de Mol,15,11,8
Victor McLaglen,124,3,2
Joe Swanberg,52,13,1
Rebecca Romijn,52,9,3
"""Brian OHalloran""",41,2,2
Cyril Ritchard,1,0,0
Ally Sheedy,90,12,4
Kyle MacLachlan,70,19,6
Henry Thomas,64,8,4
David Byrne,17,8,9