directorName,directorMovieCount,directorAwardNominations,directorAwardWins
Henry Hathaway,67,6,9
Benedikt Erlingsson,1,0,0
Becky Smith,16,2,6
Drew Heriot,5,0,0
Jorge Blanco,1,1,1
Dennis Hopper,9,17,25
Luc Jacquet,8,10,5
Steve Martino,9,7,1
Christopher Nolan,14,218,138
Davis Guggenheim,38,15,19
Tom Schulman,1,5,3
Jan Pinkava,5,6,11
David Hackl,6,1,0
Subhash Ghai,21,2,4
Ringo Lam,26,9,2
Carl Franklin,32,11,11
Wesley Strick,3,4,1
David Duchovny,5,48,13
Colin Nutley,26,3,9
Andrew Traucki,7,3,1
Fenton Bailey,28,23,13
Bryan Buckley,12,5,9
Henning Carlsen,23,7,6
John Mellencamp,2,2,0
Karel Zeman,32,1,4
Emile Ardolino,15,22,9
Anees Bazmee,15,1,1
Ash Brannon,5,5,3
Geoff Moore,1,0,0
Pat Bermel,1,2,0
Alan Yuen,4,2,0
Stan Winston,6,41,27
Goran Dukic,9,6,13
Pawan Kumar,4,3,1
Michael Cohn,4,2,2
Bo Welch,4,16,7
F. Javier Gutiérrez,6,10,18
Lexi Alexander,13,4,4
Jörn Donner,35,5,8
Curt Hahn,7,0,0
Charles Brabin,122,0,0
Albert Magnoli,16,1,1
Kunal Deshmukh,4,0,0
Greg Mottola,14,4,8
Morgan Freeman,2,80,61
María Lidón,3,5,2
Ken Scott,1,0,0
Giacomo Ciarrapico,6,2,0
Conor McPherson,4,8,7
Youssef Delara,8,3,1
Jon Wright,9,4,3
Mikel Rueda,9,3,0
Jerry Zucker,7,6,7
Sion Sono,52,23,27
Jean-Jacques Annaud,17,3,18
Travis Zariwny,11,0,0
Peter Sullivan,29,1,1
Babak Najafi,13,3,5
Eddy Terstall,16,6,5
Geoff Murphy,24,1,2
Desmond Davis,30,4,5
Bob Odenkirk,21,41,15
Kenneth Johnson,2,2,2
Ice Cube,2,25,9
Jerry Jameson,75,0,0
Ted Post,91,4,3
Wes Anderson,18,157,75
Mike Nichols,22,29,29
Mic Rodgers,1,4,3
Peter Berg,28,19,5
László Nemes,5,35,41
Grigori Kozintsev,21,6,7
Elie Chouraqui,15,3,2
Andrew Lau,44,22,8
Shoojit Sircar,6,5,4
Maneesh Sharma,4,3,2
Georgiy Kropachyov,2,5,3
Anne Fontaine,17,21,7
Massy Tadjedin,4,2,0
Joshua Oppenheimer,15,40,61
Karl Zwicky,42,6,0
Ben Falcone,5,1,1
Roland Joffé,27,18,10
George Scribner,4,0,0
Abel Ferrara,44,24,19
Audrey Wells,2,6,2
Vladlen Barbe,8,0,0
Christopher Erskin,9,0,0
Neil Marshall,18,14,10
Errol Morris,28,32,24
Carol Reed,33,16,5
Tony Bill,33,3,5
Aziz Mirza,8,0,0
Enrique Gato,6,2,12
Ric Roman Waugh,7,0,0
Nicholas Jasenovec,16,1,1
Jean Delannoy,55,8,7
Rob Sitch,9,13,10
Bob Giraldi,42,2,2
Chris Eyre,16,7,16
Gary Nelson,96,3,1
Jacob Aaron Estes,4,4,3
Priyadarshan,79,2,2
Scott Sanders,3,3,1
Mike Disa,8,0,0
Ronald F. Maxwell,1,0,0
Robert Lorenz,4,12,5
Christian Carion,6,6,6
Michael Tiddes,9,0,0
Vladimir Shchegolkov,7,0,0
Nicholas Stoller,11,8,2
Drew Goddard,5,46,16
Brian Yuzna,17,14,9
Petter Næss,12,11,25
Peter Greenaway,72,30,27
Ava DuVernay,21,46,53
Stephen Milburn Anderson,4,2,0
Aku Louhimies,37,17,23
Randall Rubin,1,1,1
Andrew Erwin,11,1,3
Wim Wenders,65,66,89
Abhishek Chaubey,4,6,1
Nicolas Winding Refn,15,51,28
Jonathan Glazer,20,35,8
Douglas Cheek,3,1,1
Tom Mankiewicz,6,1,0
Niels Arden Oplev,23,18,17
Ryan Gosling,1,142,35
Shane Acker,6,6,6
Liv Ullmann,7,22,52
Drew Maxwell,5,0,0
Mark Helfrich,3,2,1
W.W. Young,1,0,0
Francis Delia,24,0,0
John Hyams,21,3,3
"""John Bud Cardos""",11,1,1
Michael Kang,9,3,5
Eugenio Derbez,29,4,6
Bill Melendez,48,29,15
Dave Meyers,151,9,3
Levent Semerci,2,1,1
Mike Figgis,42,25,11
Steven Lisberger,5,1,1
Danny Boyle,30,84,82
Andrew Mogel,1,1,0
Ken Hughes,34,8,2
Simon Shore,8,2,7
Stevan Filipović,5,2,2
Jason Trost,9,3,3
Wade Gasque,4,1,0
John Ford,147,22,32
Sean Ellis,10,14,18
Andrew Steggall,5,7,3
Wolfgang Reitherman,17,6,6
Sean Byrne,7,7,3
Chris Gorak,2,6,1
Sidney Lumet,73,48,41
Alejandro Monteverde,7,3,3
Susannah Grant,2,7,5
Shusuke Kaneko,52,2,5
Allen Coulter,32,23,9
Gaspar Noé,27,19,14
Rand Ravich,2,1,0
Christian Volckman,7,1,2
Justin Chadwick,22,10,18
Charles Band,58,2,1
George Clooney,8,200,90
Anurag Basu,15,11,8
George Schaefer,105,39,12
Satish Kaushik,14,2,2
Daniel Espinosa,12,3,3
John English,121,0,0
Gary Ross,6,23,12
John Paddy Carstairs,40,0,0
Vincent Lannoo,10,7,15
Dick Richards,7,2,1
Alki David,8,0,0
Thor Freudenthal,20,1,3
Ben Kellett,37,8,4
Spike Jonze,100,114,62
Cyrus Nowrasteh,6,2,3
John Ireland,2,3,3
Klay Hall,1,0,0
Jason Stoddard,1,0,0
Hendel Butoy,2,1,1
Peter Sollett,10,10,9
Steven Knight,4,29,13
Puja Bedi,1,0,0
Pete Jones,2,0,0
Tony Krantz,4,6,5
Zbigniew Rybczynski,40,3,11
Steven Seagal,1,11,1
Kim Kwang-sik,1,0,0
Samuel Bayer,76,1,11
Matt Cimber,25,3,0
Lee Sang-Il,11,12,9
Griffin Dunne,11,6,6
Randall Miller,21,3,2
Buster Keaton,39,6,6
Justin Price,15,0,0
John Schultz,10,2,2
Lynne Littman,11,3,2
Michael Cuesta,19,21,16
Bryan Barber,29,3,0
Greg Berlanti,5,10,3
Chris Kraus,6,12,18
Rob Hedden,13,1,0
Ash Baron-Cohen,8,2,3
Pavel Chukhray,11,10,13
Reggie Rock Bythewood,6,9,5
David Kellogg,26,3,0
John Harrison,19,3,1
Nigel Cole,16,2,2
Jody Hill,6,3,1
Glen Morgan,3,3,4
Jacques Perrin,7,11,7
Neal Israel,41,1,1
Kim Longinotto,21,20,33
Alexander Mackendrick,12,3,3
Vipul Amrutlal Shah,9,1,1
Xu Zheng,1,1,0
S.R. Bindler,3,3,3
Leslie Norman,22,1,0
Rick Hauser,7,0,0
E.L. Katz,5,4,7
Mark Osborne,17,9,17
Larry Blamire,6,2,1
Herbert Wise,91,5,3
Gordon Chan,32,12,7
Artie Mandelberg,1,0,0
Lance Hool,4,1,0
Jake Paltrow,10,4,1
Dan Ireland,10,3,4
Éric Besnard,7,0,0
Gérard Krawczyk,17,5,1
Ayan Mukherjee,3,11,2
Joseph Kosinski,6,1,0
Arman Gevorgyan,4,0,0
Sergey Ivanov,1,1,0
Bill Wilson,1,0,0
Mike Mitchell,15,5,5
Justin Barber,2,3,0
Samuel Armstrong,6,1,1
William Sachs,12,1,3
Michael Lehmann,48,7,4
Mike Gunther,11,5,5
Galt Niederhoffer,4,0,0
Franc Roddam,13,3,1
Michael Cimino,8,14,14
Dick Huemer,35,2,2
Matthew Cole Weiss,5,1,1
Callie Khouri,4,6,8
Rajkumar Santoshi,18,6,9
J. Searle Dawley,182,0,0
Joe Ahearne,16,7,7
Claude Friese-Greene,7,0,0
Garry Marshall,30,14,18
Melissa Martin,1,0,0
Daniel Calparsoro,19,5,3
Josh Boone,5,1,2
Roy William Neill,110,0,0
Steven Soderbergh,42,81,29
Kirsten Johnson,6,27,16
Lone Scherfig,18,25,30
Chris Renaud,8,18,2
Ali Khamrayev,27,0,0
Lawrence Kasanoff,3,0,0
Jules Bass,44,2,2
David LaChapelle,51,2,4
John Badham,66,7,5
Arthur Hiller,76,6,12
Chris Nahon,7,0,0
Nina Gilden Seavey,8,3,2
Michael Berry,1,0,0
Jade Castro,10,12,3
Anthony Minghella,9,57,31
Atom Egoyan,40,75,61
Chuck Sheetz,1,0,0
Robert Zemeckis,30,37,34
Xavier Gens,12,5,1
Oksana Bychkova,6,8,4
Francis Lawrence,69,16,5
Vikram Bhatt,39,1,0
David Anspaugh,19,5,5
Michael Dinner,43,7,3
Jorge R. Gutierrez,7,3,3
Juan Carlos Fresnadillo,10,7,16
Curtis Harrington,37,1,1
Paul Abascal,23,0,0
Bob Gosse,4,2,1
Scott Walker,2,0,0
David Lynch,81,70,56
Tuck Tucker,6,1,1
Michael Schultz,110,3,4
Ted Kotcheff,48,6,5
Ericson Core,8,2,0
Ham Tran,6,1,9
Peter Sohn,2,6,0
Russ Meyer,29,1,0
Andrew Solt,47,9,2
Ben Sombogaart,36,19,18
Stuart Hazeldine,3,3,3
James Wong,7,13,8
Marcos Carnevale,17,7,3
Steve Rash,15,0,0
Gil Kenan,4,4,1
John Madden,25,20,13
Parmeet Sethi,3,0,0
Frank Nissen,6,0,0
Fernando Meirelles,22,42,58
Charles A. Nichols,106,3,1
Walter C. Miller,154,23,9
Gene Kelly,17,9,13
Israel Horovitz,2,1,4
Jamie Uys,24,4,1
Uli Edel,34,11,8
Denys Arcand,28,23,44
Mitch Rouse,7,1,0
Richard A. Colla,61,1,0
Drake Doremus,12,9,6
Hayley Cloake,7,0,0
Marc Abraham,2,3,3
Sung-hoon Kim,2,20,15
Dave Green,8,1,2
Filipp Yankovsky,4,3,2
Michael McCullers,3,0,0
James Bridges,8,14,5
John Hillcoat,39,10,4
William Nigh,120,0,0
David Weaver,23,3,2
Don Jones,7,0,0
Salim Akil,8,10,3
Randal Kleiser,33,3,2
Stephen Anderson,7,5,0
Ti West,17,14,5
Yegor Konchalovsky,10,2,1
K. V. Anand,19,2,7
David Twohy,9,8,1
David Bowers,8,4,1
Ellory Elkayem,6,2,2
Gregory Hoblit,21,20,11
Randa Haines,16,5,9
Robert Harmon,22,7,5
Michael Caton-Jones,18,5,3
Sylvain Chomet,7,33,22
Jeremy Saulnier,8,18,18
Konstantin Bronzit,15,18,43
Josef von Sternberg,35,5,8
Breck Eisner,11,1,0
Arne Mattsson,62,5,1
Brad Copeland,1,5,3
William Shatner,13,43,25
Marah Strauch,6,2,3
Michael Worth,14,4,8
Jason Friedberg,9,5,1
Anthony Stacchi,4,11,1
Charles Stone III,17,5,0
Edoardo Leo,6,11,16
Frank Capra,58,15,12
Steve Boyum,31,5,0
Jim Field Smith,13,1,0
Richard Benjamin,22,7,2
Busby Berkeley,31,5,5
Frank Henenlotter,13,3,3
Fyodor Bondarchuk,11,22,9
Richard Boleslawski,24,1,1
Til Schweiger,16,6,26
Brad Bird,11,31,32
Ram Madhvani,4,3,5
Jared Hess,13,4,1
Will Gluck,1,0,0
Paul Dinello,6,25,9
Michael Corrente,7,3,3
Paul Feig,26,11,12
Genndy Tartakovsky,22,18,6
David Giles,44,1,0
Preston A. Whitmore II,5,1,0
Brian Robbins,20,7,4
Nnegest Likké,3,9,5
William Conrad,30,5,3
Martin McDonagh,4,88,46
Sydney Pollack,41,42,27
Jonathan Miller,17,3,0
Kim Farrant,11,3,0
Peter Faiman,11,0,0
Martin Koolhoven,15,20,25
Kirill Kozlov,1,0,0
Steven Bernstein,3,5,2
Richard Eyre,21,13,10
Uwe Boll,32,6,5
Kinka Usher,3,1,1
Frederick Wiseman,47,45,35
Peter Ramsey,3,5,3
Émile Gaudreault,8,5,3
Takao Okawara,8,1,0
Dick Maas,25,7,10
Sidney J. Furie,56,6,3
Jay Duplass,12,12,8
Bryan Forbes,20,12,10
Richard E. Grant,1,6,7
Larry Clark,15,9,5
Hayao Miyazaki,29,46,76
Renata Litvinova,6,24,5
John Asher,19,6,6
John Sullivan,1,0,0
Roberto Santucci,15,3,3
Assaf Bernstein,8,2,4
Mickey Liddell,1,5,0
Bobcat Goldthwait,32,11,8
Shôhei Imamura,25,14,44
Kate Barker-Froyland,4,2,0
Emmanuelle Bercot,14,18,6
Sofia Coppola,21,77,58
George Jackson,1,0,0
John McNaughton,23,9,6
Gaby Dellal,8,5,3
Clyde Geronimi,55,6,3
Mika Kaurismäki,37,11,9
Radu Jude,15,38,53
David Dobkin,22,1,1
Ramaa Mosley,10,1,0
Michael Sucsy,4,6,4
Peter Kosminsky,20,13,15
Ilya Maksimov,4,3,1
James Vanderbilt,1,17,0
Sharon Maguire,13,6,1
Karel Reisz,15,12,7
Lee Unkrich,8,28,30
Frédéric Jardin,7,0,0
Michael Gottlieb,8,1,3
Eldar Rapaport,9,3,3
Pernilla August,5,16,18
Fritz Kiersch,13,1,1
Guillaume Canet,11,16,10
Heath Jones,1,0,0
Nitesh Tiwari,4,2,6
Morten Tyldum,19,20,34
Scott Kalvert,34,1,0
David Barker,3,1,1
Rob Letterman,7,3,0
D.J. Caruso,31,0,0
Doug Block,6,4,1
Sam Irvin,40,2,3
Craig Bolotin,4,1,0
Paul Glickler,1,0,0
Justin Kerrigan,6,7,6
Jonathan Kaplan,38,8,5
Luca Bercovici,10,0,0
Chris Sanders,4,25,10
Joe Chappelle,17,5,0
Adam Rifkin,24,4,4
Tom Putnam,16,3,12
Anand L Rai,8,5,0
Paul Johansson,6,1,1
Marc Forby,2,2,2
Vincent J. Donehue,19,3,0
John Cromwell,49,4,1
George Sidney,57,13,9
Hunter Richards,2,1,1
James Yukich,186,8,1
Erik Matti,24,23,11
Dror Moreh,2,7,4
Yang Ik-june,6,7,26
Cheryl Dunye,21,5,9
Susan Seidelman,26,7,5
Aamir Khan,1,46,35
Michael Haneke,24,89,103
Thomas Gilou,18,2,5
Karan Johar,8,28,28
Seth Michael Donsky,2,0,0
Guy Ferland,61,4,6
Robert J. Flaherty,15,4,4
Ted Berman,2,0,0
James Fargo,24,0,0
Ilya Naishuller,5,1,1
Sajid Khan,6,5,7
Raja Menon,4,1,0
Fatih Akin,19,40,47
Michael Winner,42,1,0
Alain Chabat,8,5,2
Zhang Yimou,32,51,66
Roger Donaldson,27,7,4
Shim Hyung-Rae,10,1,0
Paiman Kalayeh,1,0,0
Brandon Trost,8,2,2
Rowan Joffe,5,7,4
George Nolfi,7,3,0
Jonathan Hensleigh,3,2,0
Walt Becker,10,1,0
Oren Moverman,4,16,12
David Boyd,28,6,2
Vivek Agnihotri,12,0,0
Sergio Leone,8,4,8
Ralph S. Singleton,2,3,1
Byron Howard,6,13,11
Tom Ford,3,50,13
Yam Laranas,11,16,3
Joshua Tickell,12,1,3
Peter Godfrey,46,0,0
Anthony Leondis,4,0,0
Mike Marvin,11,0,0
Jeff Tremaine,18,0,0
Erik Canuel,38,7,3
Phil Joanou,29,0,0
Michael Haigney,6,0,0
Shana Feste,6,3,0
Stéphane Aubier,20,11,18
Gabriele Salvatores,25,24,25
Rusty Cundieff,25,2,1
Nanette Burstein,12,9,8
Tony Gilroy,4,40,5
Gary Sherman,19,0,0
Perry Lang,48,2,2
Michael Lembeck,66,5,1
Pete Travis,17,7,3
Sid Smith,2,0,0
Michael Dougherty,8,9,4
Herb Freed,11,0,0
Glenn A. Jordan,63,18,6
Marielle Heller,7,19,9
David Miller,52,1,0
Matthew Robbins,7,7,2
Roger Michell,22,16,6
Rowland V. Lee,58,1,1
Laurence Dunmore,3,2,0
Peter Cattaneo,16,11,22
Bryan Singer,20,23,19
Mark Dindal,4,3,0
Michael Karbelnikoff,3,0,0
Andrew J. Smith,6,4,4
Stephen Gyllenhaal,50,4,2
Melvin Frank,17,16,12
Stuart Gillard,51,3,5
Ed Harris,2,51,32
Steven Shainberg,8,8,1
Bruce A. Evans,2,4,2
Dan St. Pierre,5,2,0
Park Young-hoon,3,0,0
Mark Jones,1,0,0
Frank Coraci,13,0,0
Terry George,11,19,13
Arthur Mulholland,2,0,0
Daniel Barber,4,6,3
Robert Ellis Miller,60,3,1
Levan Akin,9,1,0
B Unnikrishnan,1,0,0
Terence Davies,12,39,18
John Crowley,9,13,17
Kenneth Branagh,22,63,36
Bruce Beresford,53,30,10
David Hunt,2,1,1
Harold Ramis,14,11,9
Jonas Åkerlund,139,13,9
John Whitesell,56,2,2
Roger Avary,8,3,14
Dominic Sena,54,1,3
Werner Herzog,71,54,54
Jonathan Levine,15,6,7
Hawley Pratt,96,1,1
Juzo Itami,11,16,25
David Atkins,2,0,0
David F. Sandberg,16,2,4
Dearbhla Walsh,26,9,5
Ry Russo-Young,12,5,4
Brian Levant,20,1,2
Rowdy Herrington,9,1,0
Gary David Goldberg,3,15,15
Wuershan,5,1,3
Oles Sanin,4,4,0
Sally Potter,15,13,17
Robert Clouse,23,3,2
Graham Baker,11,3,1
Youssef Chahine,45,19,9
Zoltan Korda,20,7,2
Richard Stanley,15,8,4
Brenda Chapman,3,10,3
Emma-Kate Croghan,5,3,1
Charles Matthau,7,1,2
Dan Zukovic,6,6,5
Ben Wheatley,22,23,7
Luke Wilson,2,4,10
Stephan Brenninkmeijer,21,1,4
Mario Andreacchio,42,1,1
Susan Buice,2,1,3
Don Mancini,4,3,1
Majid Majidi,19,17,37
Barry W. Blaustein,4,1,3
Tony Maylam,21,1,1
Todd Graff,3,3,0
Gonzalo López-Gallego,12,6,3
Jon Matthews,7,1,0
Luc Besson,31,26,28
Kevin Rodney Sullivan,36,5,3
Kinji Fukasaku,68,12,24
Jan Gissberg,12,1,1
Phil Vischer,27,1,1
Ken Kwapis,40,10,4
Ivan Petukhov,1,0,0
Frank Urson,1,0,0
Austin Chick,3,2,1
James Kerwin,8,1,17
Jonathan Lynn,14,1,6
Jean-François Richet,10,6,3
Dan Mazer,9,8,4
Thomas Balmès,9,4,6
Paul Lynch,62,6,2
Dean DeBlois,6,25,10
Jean-Marie Poiré,15,3,0
Bruce Timm,10,12,5
Heddy Honigmann,24,9,19
Gastón Duprat,26,21,15
Ivan Shurhovetsky,5,0,0
Lewis Allen,1,0,0
Jack Bender,72,28,9
Edward Zwick,25,22,23
Marcel Rasquin,3,2,7
Christian Duguay,31,7,10
Brendan Malloy,34,1,1
Joel Anderson,2,1,1
Ruba Nadda,26,1,3
Don Roos,7,7,5
Kenny Ortega,39,16,13
Michelangelo Antonioni,34,19,48
Khalid Mohammed,1,0,0
Peter Weir,30,59,42
Paul McGuigan,23,12,8
Charles S. Dutton,7,28,11
Jeff Blyth,9,0,0
Andrew Davis,16,4,1
Yann Arthus-Bertrand,13,5,3
Andrew Fleming,27,4,1
Bruno Corbucci,53,0,0
Christian Alvart,14,3,6
William Dear,37,6,2
Cassandra Nicolaou,9,1,4
Sergei Loban,4,7,2
Hal E. Chester,2,0,0
Gary Trousdale,12,5,1
Marek Nowicki,12,2,0
Hoyt Yeatman,3,5,2
Brad Silberling,29,5,1
Ari Sandel,10,3,8
Paul Thomas Anderson,39,183,83
Ryoo Seung-wan,15,20,19
Ken Shapiro,2,1,0
Dmitriy Dyachenko,12,3,3
Pavel Lungin,19,22,13
Rawson Marshall Thurber,14,2,0
Paolo Sorrentino,27,85,64
Tom Hooper,21,50,34
Robert Townsend,37,6,7
Sergei Bodrov Jr.,23,8,15
Conrad Vernon,7,12,1
Richard Fleischer,61,11,3
Charles Ferguson,4,15,7
Tim Johnson,6,2,6
Ford Beebe,104,1,0
Adam Goldberg,1,1,1
Pierre Morel,11,0,0
Hari,1,0,0
Chris Noonan,12,8,7
George Hickenlooper,21,9,7
James L. Brooks,6,81,49
Philip Moeller,2,0,0
Michaël R. Roskam,8,15,13
Roman Polanski,39,76,86
Nadezhda Kosheverova,20,0,0
Kevin Costner,3,59,54
Charles Herman-Wurmfeld,10,1,4
Etan Cohen,6,1,2
Brian Helgeland,8,22,31
Stanley Kramer,20,33,31
Demian Lichtenstein,9,1,0
Darren Grant,38,1,1
Terry Gilliam,19,30,24
Kurt Wimmer,3,0,0
Justin Zackham,3,1,1
Gerard Johnstone,4,10,4
Joe Dante,40,11,18
Boaz Yakin,9,3,5
Fred Durst,22,1,1
Chris Williams,14,0,0
John Derek,11,3,6
Mitchell Lichtenstein,4,9,2
Alan Smithee,9,17,25
John Landis,45,16,10
Gerry Lively,12,0,0
Safy Nebbou,12,3,1
Kenneth Lonergan,3,96,63
Billy Crystal,7,50,34
David Mamet,20,36,15
Nicolette Krebitz,7,10,13
Nicholas Fackler,8,1,1
Troy Miller,116,19,8
Pascal Chaumeil,15,2,4
Jeannot Szwarc,79,1,3
Coky Giedroyc,34,3,1
Arthur Penn,27,15,15
Oliver Parker,3,3,4
Bruce Malmuth,9,0,0
Chris Buck,6,11,12
Sooraj R. Barjatya,6,4,4
Esben Tønnesen,10,2,6
Sam Taylor,23,0,0
Henry Alex Rubin,6,4,10
Vishal Bhardwaj,13,33,16
Anna Rose Holmer,4,11,10
Joss Whedon,13,44,26
Michael Cristofer,5,6,7
Saran,12,0,0
Mihalis Kakogiannis,16,15,15
Adam Jay Epstein,1,0,0
Ronald Neame,26,10,8
Edward Norton,2,80,49
Eric Bress,2,1,2
Ed Gass-Donnelly,11,3,7
Park Chan-wook,20,53,62
Sidney Poitier,9,42,27
Bobby Roth,79,7,4
Josef Rusnak,17,1,1
Brian Gibson,21,3,2
Aaron Norris,12,0,0
Richard Brooks,2,2,0
Tom Dey,7,0,0
Nadia Tass,16,3,10
Susanne Bier,21,37,38
Alf Sjöberg,21,7,4
Walter Hill,25,16,14
Jamie Babbit,74,7,14
Brian Koppelman,4,1,0
Burny Mattinson,2,5,2
Carlos Reygadas,12,24,45
Lake Bell,7,14,6
Robert Longo,8,1,0
Stanley Kubrick,16,58,40
Sally Field,3,80,43
Ciro Guerra,5,29,36
Shane Dawson,10,3,2
Karen Shakhnazarov,20,24,16
George B. Seitz,108,0,0
Robert Conway,11,0,0
Andrucha Waddington,23,16,14
Anne Fletcher,7,0,0
Brian Klugman,2,4,4
Charles Jarrott,52,3,3
F. Richard Jones,70,0,0
Betty Thomas,30,15,8
Kees Van Oostrum,7,6,3
Michael Hoffman,16,7,2
Steve Miner,52,4,5
Christopher McQuarrie,4,5,9
William Brent Bell,7,2,0
Dylan Baker,1,13,12
Brian Baugh,6,1,1
David Von Ancken,35,1,5
Mark Steven Johnson,7,1,0
Bryan Spicer,68,1,0
Tom Kalin,10,6,6
Joseph Sargent,92,22,14
Adriaan Ditvoorst,9,2,0
Hal Ashby,17,12,3
Christopher Guest,16,20,9
Keenen Ivory Wayans,7,14,5
Luis Prieto,15,2,9
Keith Bearden,6,1,6
Bob Clark,29,9,7
Park In-je,1,0,0
Mike Tollin,18,9,6
Billy Bob Thornton,6,55,32
John McTiernan,11,5,6
Mark Christopher,8,1,8
Ranjith,2,0,0
Julia Ducournau,3,17,14
Clare Kilner,13,3,3
Stephen Roberts,108,0,0
Reb Braddock,2,1,0
Charles L. Gaskill,28,0,0
Rob Epstein,18,18,23
Dexter Fletcher,4,7,3
Leigh Janiak,4,3,0
Lucky McKee,12,6,10
Chris Carter,7,14,12
Dwight H. Little,50,0,0
Nikhil Advani,11,9,5
Rob Thomas,1,0,0
Delmer Daves,30,7,2
Lu Chuan,8,15,22
Woody Allen,55,213,136
Vladimir Grammatikov,18,2,1
Brian Fee,1,1,0
Richard Greenberg,3,5,1
Cédric Kahn,14,18,9
Jon Erwin,14,3,3
David Nutter,50,16,13
Jeffrey W. Byrd,23,2,0
Jay Russell,10,5,5
Martin Davidson,20,1,1
Steve Carver,16,0,0
Pyotr Buslov,8,8,1
Erik Skjoldbjærg,12,7,5
Stephen Cornwell,4,2,1
Sean Anders,7,1,1
Christopher Spencer,1,2,0
Rintaro,43,2,1
Pablo Larraín,11,54,37
Chris Koch,39,2,2
James Cox,7,2,2
Andrew Bergman,6,2,5
Oren Rudavsky,14,8,1
Matt Walsh,9,7,4
Dave Fleischer,634,2,2
Yash Chopra,22,4,25
Melville Shavelson,20,8,6
George T. Miller,18,56,71
Raoul Walsh,139,5,2
Huck Botko,12,2,4
David Slade,24,5,4
Tibor Hernádi,6,1,1
Malcolm D. Lee,16,14,3
Harry Elfont,4,1,0
Don McKellar,14,37,24
Michael D. Sellers,5,3,3
Monte Hellman,21,1,3
Joe Johnston,15,7,2
Gurinder Chadha,16,9,16
Tony Liu Chun-Ku,36,0,0
István Szabó,36,18,44
Stuart Beattie,2,11,4
Stéphane Rybojad,3,0,0
Abdellatif Kechiche,8,40,61
Christian Robinson,1,0,0
Dan Cutforth,5,38,2
Lloyd Kaufman,54,7,8
João Pedro Rodrigues,17,39,31
Eric Bross,17,1,2
Hanna Sköld,4,7,2
Dax Shepard,6,2,0
Stiles White,1,0,0
Arnold Perl,1,5,2
Hwang Dong-hyuk,1,0,0
Tom McLoughlin,40,2,2
Lucile Hadzihalilovic,6,13,15
Mel Smith,6,1,1
Edmund Goulding,39,2,0
Lars von Trier,44,99,100
Doug Liman,23,7,2
William Friedkin,38,16,20
Andrew Jarecki,5,6,12
Bill Plympton,78,51,39
Gia Coppola,9,4,0
Don Sharp,38,0,0
Ben Stiller,18,59,13
Johan Grimonprez,12,1,7
Rupert Sanders,8,2,1
Michael McGowan,15,9,7
Chad Stahelski,7,4,0
Noah Buschel,7,3,3
Yoon Je-kyoon,1,0,0
Cody Cameron,1,0,0
Fernando Di Leo,23,0,0
Steve Pink,23,6,1
Brian De Palma,43,23,10
Jim Sheridan,13,50,37
J Blakeson,5,3,1
Will Koopman,34,4,5
Julian Jarrold,35,13,4
James Ponsoldt,16,8,4
Julien Duvivier,71,8,7
Eric Eason,3,5,7
Lauren Montgomery,14,0,0
Umberto Lenzi,65,0,0
Gilbert Adler,6,5,0
Joshua Michael Stern,5,0,0
Michael Pressman,62,5,3
Carlos Saldanha,12,15,4
Károly Makk,54,11,11
Rob Reiner,26,28,26
David Gleeson,5,3,4
Harry Beaumont,1,0,0
Abderrahmane Sissako,13,14,38
Inna Evlannikova,3,1,1
V. Z. Durai,41,2,2
Jorge Dorado,16,4,5
Lauren Lazin,23,16,5
Anand Tucker,16,6,2
Denis Villeneuve,17,78,74
Robby Henson,11,1,0
Michael Rowe,5,10,5
Chris Columbus,21,21,7
David Leland,13,4,8
Delphine Gleize,9,4,12
Lesli Linka Glatter,66,24,7
Jack Conway,113,1,2
"""Dean OFlaherty""",2,0,0
Wally Pfister,4,41,27
Zack Ward,4,1,2
Marek Kanievska,16,2,0
Paul Morrissey,25,5,1
Adam Green,25,6,9
Chatrichalerm Yukol,31,1,1
Nicole Garcia,10,20,7
Darren Stein,9,2,3
David Wain,30,10,7
Neill Blomkamp,26,36,13
Barbra Streisand,8,46,44
Simon Wells,7,4,0
Elaine May,5,15,9
Les Mayfield,10,3,3
Efrem Pruzhanskiy,14,0,0
Christopher Cain,22,2,1
Simon Brand,17,12,12
Shane Black,6,13,4
Jordan Peele,2,85,84
Michael Spierig,6,15,4
Kristian Levring,8,8,3
Lee Toland Krieger,15,1,2
Clive Donner,36,3,1
Sam Raimi,36,20,14
Steven E. de Souza,7,2,3
Jeremy Leven,2,0,0
Quentin Dupieux,10,13,5
Rachel Perkins,12,9,9
Spike Lee,82,78,53
Martin Ritt,30,13,4
Scott Waugh,5,1,1
Ross Katz,3,19,6
Jason Zada,6,3,3
John Lyde,42,0,0
"""Anthony OBrien""",2,3,3
Alexander Nevsky,1,0,0
Sara Newens,8,3,4
Julie Taymor,8,16,6
William Cameron Menzies,24,6,3
Sergio Castellitto,7,35,32
Ali Zafar,9,2,1
Ken Wiederhorn,12,1,1
Adam Sanderson,3,2,1
Andrea Di Stefano,2,0,0
Chris Sivertson,10,1,1
Kartal Tibet,58,0,0
Park Hoon-Jung,5,7,3
Tharun Bhascker Dhaassyam,4,1,3
Raymond Martino,17,0,0
Stephen T. Kay,30,3,0
Jeremy Haft,7,1,0
Andrew Currie,8,9,7
Eric Mendelsohn,3,13,4
Olaf de Fleur Johannesson,11,9,6
Richard LaGravenese,7,18,7
Max Adams,18,8,4
Eli Craig,5,1,7
Gordon Parks,9,2,2
Bruce Lee,4,2,2
Scott McGehee,6,11,2
Fred Zinnemann,47,40,38
Jeff Pollack,3,1,0
Luo Dong,1,0,0
Dick Powell,6,1,4
Peter Stebbings,11,10,1
Lowell Sherman,15,0,0
Darren Lynn Bousman,20,6,3
Lutz Dammbeck,20,1,1
Ryan Coogler,9,24,36
Jamie Blanks,6,2,2
Michael D. Akers,6,3,3
Bruce Hunt,1,0,0
Tay Garnett,76,2,2
Ramin Bahrani,17,15,19
Robert Stromberg,7,32,21
Britt Allcroft,3,1,3
Scott Alexander,2,9,8
Stacy Title,7,2,3
Kerry Conran,3,3,1
Ryuichi Takamori,41,0,0
Debra Granik,6,60,44
Alejandro Amenábar,12,37,56
Clive Gordon,10,1,2
Daniel Myrick,10,10,7
Stephen Chow,10,31,14
James Watkins,5,4,2
David Frankel,20,7,7
W.S. Van Dyke,91,4,3
David S. Goyer,7,12,6
Roger Nygard,19,6,4
Harish Saluja,1,1,1
Urban Gad,70,0,0
Fred Savage,67,16,13
Katja von Garnier,13,1,8
Andrew Dominik,8,12,7
Erik Gandini,8,8,11
Juan José Campanella,29,41,57
Rodney Bennett,32,3,0
Johnnie To,70,63,36
Tristan Patterson,4,2,2
Louis Malle,33,28,43
John Singleton,18,25,15
Armand Mastroianni,65,1,0
Tsui Hark,50,28,19
Shuhei Morita,9,2,1
Terence Young,41,1,1
Derek Lee,5,3,5
Joe Alves,1,2,3
Mikael Håfström,18,10,5
William Dieterle,89,5,3
Doug Bollinger,8,6,6
Farah Khan,4,16,27
James Whale,23,4,1
Gregor Jordan,20,8,5
Karyn Kusama,14,17,12
Victor Nunez,9,10,5
Jeethu Joseph,11,1,5
Stefen Fangmeier,1,17,9
Hideaki Anno,27,3,10
Shivajee Chandrabhushan,5,5,6
James Bobin,15,18,13
Edward L. Cahn,128,0,0
John Glen,12,1,1
James Komack,1,0,0
Kamal Sadanah,3,0,0
Patricia Martínez de Velasco,5,1,5
Wu Jing,4,10,3
David Hogan,4,1,1
Terrence Malick,15,55,43
Duane Adler,4,0,0
Santosh Sivan,20,8,21
John Carney,14,16,12
Richard Dutcher,10,4,4
Dustin Hoffman,2,53,63
Alice Wu,1,1,2
Will Finn,4,2,0
Saul Dibb,10,8,3
Lluís Quílez,6,5,13
Harish Shankar,6,1,0
Scott Silver,2,13,2
Billy Weber,1,13,4
Frank Miller,3,4,2
Lasse Hallström,70,17,18
Meiert Avis,89,3,0
Mimi Leder,43,13,5
Nettie Wild,7,1,11
Jane Campion,18,50,53
Joseph Ariola,5,0,0
Walter Murch,2,29,19
Michael J. Bassett,12,6,2
Philippe Diaz,9,2,2
Mike Leigh,23,108,82
Gregory Doran,12,0,0
John Schlesinger,31,18,28
Tony Goldwyn,20,3,2
Peter Care,51,2,2
Damiano Damiani,38,9,8
Chris Marker,62,2,13
Barbet Schroeder,24,16,9
Tod Williams,5,5,0
Jake Goldberger,3,1,0
Alain Jessua,10,5,6
Damian Harris,13,3,4
Geoff Burrowes,2,0,0
Audrey Dana,3,4,2
Travis Knight,2,22,7
Tarsem Singh,14,5,6
John Pogue,4,2,0
Larry Cohen,21,2,3
Jay Roach,16,16,10
Dennis Lee,3,1,5
Brad Furman,13,0,0
Paul King,15,7,6
John R. Leonetti,11,4,3
Tom Gries,68,8,4
David Mackenzie,17,41,23
Paul Greengrass,19,67,38
Fernando E. Solanas,21,22,36
Herbert Brenon,124,2,2
Raman Hui,9,5,2
Måns Mårlind,12,4,6
John Henderson,40,4,9
John Brahm,76,2,0
Frank Lin,7,3,3
Anusha Rizvi,1,2,1
Anna Foerster,10,2,1
Bong Joon-ho,14,49,49
Francesca Gregorini,4,1,1
Chris Miller,8,14,16
Dean Israelite,6,3,3
Douglas Trumbull,13,11,18
Thomas Bezucha,3,8,8
Jeremy Brock,4,14,7
John Lasseter,19,33,37
Jim Henson,37,31,42
Craig Brewer,12,4,7
Ben Lewin,19,10,8
Scott Dow,2,0,0
J.D. Dillard,7,3,0
Max Joseph,14,1,0
John Bruno,5,12,2
James Mangold,15,16,9
Walter Woodman,2,1,6
Jim Taihuttu,9,8,5
Ricardo de Montreuil,6,2,0
Jon Knautz,15,2,3
Jake Schreier,13,2,2
Susanna White,26,8,11
Paul Fenech,17,2,0
Adam Rapp,3,2,1
Dominik Moll,8,10,5
Prabhu Deva,16,5,4
Tony Giglio,8,0,0
Kirill Kuzin,6,1,0
Hal Hartley,35,9,10
"""Steve Spaz Williams""",2,2,1
Claude Chabrol,73,28,22
James Ivory,35,52,50
Charles Binamé,26,11,8
Alex Zamm,24,3,0
Steve Barron,85,10,11
Chris Atkins,8,1,0
Perry Andelin Blake,2,0,0
Gabriele Muccino,19,27,15
Caryn Waechter,9,4,1
Marisa Silver,7,1,1
Pedro Almodóvar,36,138,131
Joshua Marston,18,19,28
Masayuki Ochiai,26,1,1
Peter Chelsom,12,4,14
Jim McBride,21,4,3
Jordan Vogt-Roberts,18,6,4
Jeff Crook,6,0,0
Kevin Greutert,7,0,0
David Caffrey,19,5,4
A.R. Murugadoss,13,12,4
Risa Bramon Garcia,5,14,1
Hélène Giraud,3,3,5
Antonio Pietrangeli,13,7,7
Joanna Coates,4,1,1
Nikolai Müllerschön,33,0,0
Bill L. Norton,52,1,1
Toshiyuki Hiruma,20,0,0
Erich von Stroheim,12,2,4
Marshall Brickman,4,7,10
Jennifer Chambers Lynch,41,4,4
Kazuaki Kiriya,3,2,0
Gareth Evans,9,9,9
David O. Russell,13,100,48
Tony Scott,29,15,6
Lee Il-hyeong,1,3,0
Stefan Ruzowitzky,16,9,15
Phil Karlson,61,2,2
Diana Whitten,4,3,4
Patrice Leconte,42,37,17
James Wan,13,11,14
Craig McCracken,15,16,3
Neil Burger,10,5,4
Elia Kazan,21,28,36
Lewis Gilbert,42,9,9
Benson Lee,4,2,6
Justin Thomas Ostensen,3,1,0
Clive Barker,6,4,12
Jean-Paul Rappeneau,9,14,11
John Maybury,42,2,5
Logan Miller,1,2,2
Ribhu Dasgupta,4,1,0
Ulli Lommel,67,2,0
Tamra Davis,60,3,1
Robert Bierman,21,5,2
Bradley Rust Gray,8,11,6
Steven Quale,7,2,0
Ulu Grosbard,7,2,1
Sngmoo Lee,1,0,0
Henry Joost,18,4,1
Brian Grant,122,3,0
Richard Curtis,5,36,20
Blake Edwards,54,24,23
Phillip Noyce,60,10,24
Henry Koster,50,13,2
Dan Aykroyd,1,15,4
Rich Christiano,8,0,0
Scott Frank,5,31,14
Rachel Talalay,59,7,5
Aristomenis Tsirbas,16,3,13
John Lounsbery,5,1,1
Maurice Joyce,9,8,11
Yue Song,2,1,0
Allan Moyle,13,4,5
Spencer Susser,16,9,4
George Cukor,65,24,14
Andy Wilson,28,1,2
Rick de Oliveira,7,0,0
Paul Haggis,13,52,49
Michel O. Scott,3,1,0
Gregory Poirier,1,1,1
Gavin Hood,12,7,27
Gilles Paquet-Brenner,10,1,4
Erik White,36,0,0
Cary Bell,1,1,0
Omung Kumar,4,1,2
Michael Pate,1,1,3
Bejoy Nambiar,7,4,1
Vittorio De Sica,35,12,27
Jaume Collet-Serra,13,5,0
John Luessenhop,4,1,1
Mike Newell,79,12,14
David Barrett,46,4,0
Mark Romanek,76,20,11
Sylvester Stallone,9,65,59
Michael Bay,57,11,8
David Price,6,1,0
Sam Fell,9,13,3
George Fitzmaurice,83,1,1
Noel Clarke,4,2,4
Rob Minkoff,14,5,1
Diarmuid Lawrence,47,7,6
Rodman Flender,37,0,0
James Gunn,13,10,15
Michael Tolkin,4,15,11
Fritz Lang,47,3,5
Kiyoshi Kurosawa,49,30,23
Dan Rush,1,1,0
William Bindley,7,0,0
Adam Marcus,8,1,1
George Stevens,59,28,12
John Stockwell,20,2,1
Jon S. Baird,9,4,1
Fergal Reilly,1,0,0
Piers Haggard,55,3,3
Sam Weisman,1,0,0
Kim Henkel,1,0,0
Luke Matheny,13,2,6
Patrick Levis,1,0,0
George A. Romero,21,6,16
Craig Macneill,8,4,3
Joe Roth,6,4,2
Andy de Emmony,42,5,1
Igor Voloshin,10,8,5
Anthony Silverston,2,1,3
Ashwani Dhir,4,2,2
Tom Laughlin,8,1,1
David E. Talbert,16,1,1
Jonathan Kesselman,12,0,0
Reginald Hudlin,39,18,5
Christine Fugate,9,0,0
Tony Bancroft,7,2,2
David Gelb,13,10,4
Gleb Orlov,4,0,0
Svyatoslav Podgayevskiy,9,2,1
Guy Ritchie,19,10,8
David Nixon,4,0,0
Sanjay Gadhvi,6,1,0
Mark Mylod,32,8,3
Daniel Taplitz,7,3,1
Dean Parisot,39,6,7
Tom Gormican,1,0,0
Hugh Hudson,18,13,6
Luis Valdez,9,2,2
Niki Caro,14,13,22
Tarun Mansukhani,4,1,0
Eugene Forde,53,0,0
Brett Simon,8,0,0
Lucio Fulci,57,1,1
Ari Folman,6,35,36
Kieran Darcy-Smith,9,8,7
Hatsuki Tsuji,7,0,0
Martín Hodara,4,3,0
Martha Fiennes,4,2,2
Franklin J. Schaffner,34,5,8
Norman Mailer,4,2,4
Ron Krauss,13,4,13
Eric Summer,27,0,0
Mark Rydell,26,11,7
Liang Xuan,1,4,0
Gary Goddard,6,2,1
Shinji Aoyama,27,18,7
Victor Salva,13,6,2
Prachya Pinkaew,11,1,3
Scott Stewart,8,0,0
Maya Forbes,2,12,12
Reed Cowan,2,0,0
Glenn Ficarra,12,10,4
Sam Liu,27,2,1
Mark Herman,8,13,20
Juliet Lamont,3,2,1
Vincenzo Natali,27,15,14
Zacharias Kunuk,18,12,23
Ed Solomon,3,2,1
Menhaj Huda,24,1,2
Carlos Saura,49,46,54
Vic Sarin,40,29,9
Jericca Cleland,2,1,0
David Burton Morris,31,7,6
"""Thaddeus OSullivan""",26,5,7
Jason Winer,22,7,6
Tim Robbins,11,40,37
Michael Moore,22,32,47
Rouben Mamoulian,18,2,8
Peter H. Hunt,45,1,2
Oren Kaplan,26,1,6
Paul W.S. Anderson,17,2,2
Eric Till,73,10,5
Julio Médem,22,23,36
Daniele Luchetti,17,37,13
Andrey Zvyagintsev,8,62,69
Natalya Uglitskikh,5,0,0
Robinson Devor,6,8,7
Luca Miniero,18,15,12
Miguel Gomes,14,32,44
Doug Ellin,6,12,7
Christophe Gans,7,6,2
Robert C. Cooper,5,10,5
"""Enzo DAlò""",8,3,4
John Gorrie,56,1,1
Eli Roth,16,9,14
Eugene Jarecki,13,11,10
Jeremiah S. Chechik,38,2,3
Pan Nalin,15,4,10
Banjong Pisanthanakun,8,11,6
Anatole Litvak,42,12,5
Mel Brooks,12,31,24
Joseph L. Mankiewicz,22,28,21
Joel Zwick,58,1,3
Hype Williams,128,10,2
Penelope Spheeris,37,3,10
Fred Olen Ray,155,2,2
John Alexander,29,4,1
Robert Stevenhagen,1,2,0
Menno Meyjes,6,8,3
Olivier Assayas,30,59,28
Rúnar Rúnarsson,8,23,61
Dermot Mulroney,1,9,7
Irwin Allen,16,3,5
Chris Wedge,7,8,6
Marcus Dunstan,5,0,0
Fred Schepisi,18,26,17
Renat Davletyarov,5,2,0
S. Shankar,14,5,11
Stephen J. Anderson,7,5,0
Claire Denis,29,32,11
Peter Lepeniotis,7,2,2
Steve De Jarnatt,12,4,0
Frank Simon,5,1,1
Fred Wolf,9,2,0
Jim Wilson,6,5,6
Caspar Wrede,14,0,0
Roberts Gannaway,16,6,1
Rupert Wainwright,24,2,1
Masayuki Suo,11,7,38
Alfred Hitchcock,70,32,34
Neeraj Pandey,7,6,2
Jean-Luc Godard,127,47,40
Mary Lambert,73,5,2
Nicholas Jarecki,3,3,0
John Carpenter,32,19,16
Ralph Bakshi,65,3,3
Richard Shepard,30,5,3
Peyton Reed,25,3,2
Anthony Mann,42,7,2
Timo Tjahjanto,9,6,1
Paul Tibbitt,2,11,10
Stephen S. Campanelli,4,5,3
Eran Creevy,4,3,4
Len Wiseman,16,1,0
Lilly Wachowski,11,23,11
Garth Davis,7,13,18
Giorgio Ferroni,43,2,2
Nick Castle,13,3,4
Marco Schnabel,1,1,0
Val Guest,55,5,2
David Lowell Rich,111,2,1
Eric Styles,10,4,1
Mathieu Kassovitz,12,14,14
Robert Eggers,5,14,17
Jim Wynorski,103,1,0
Daniel Krige,11,2,5
Richard Donner,80,7,9
Lee Tamahori,13,3,11
Peter Hewitt,16,2,2
Jodie Foster,9,50,59
Daniel Schechter,6,0,0
Robert D. Webb,22,2,1
Craig Clyde,19,1,2
Kevin Donovan,7,0,0
Jason Reitman,18,70,67
Tim Miller,5,9,2
M. Night Shyamalan,16,39,16
D. Kerry Prior ,4,2,2
Gore Verbinski,12,13,9
Angela Robinson,11,4,8
Michael Addis,14,0,0
John Hamburg,12,1,0
John Woo,44,15,19
Baran bo Odar,6,7,5
Virginie Wagon,6,3,5
E. Elias Merhige,11,5,3
Ken Loach,53,80,100
Bill Condon,19,44,19
Joby Harold,1,1,0
Aki Kaurismäki,34,61,55
Chris Fisher,1,0,0
Frank Marshall,13,25,17
Ivan Reitman,22,12,8
Aleksey Andrianov,3,5,2
Aleksey Balabanov,18,37,20
David Leitch,8,8,3
Indra Kumar,17,0,0
Don Bluth,19,3,3
Arch Hall Sr.,1,0,0
Albert Dupontel,7,20,5
Phil Traill,42,2,4
Kunal Kohli,11,7,3
Tom Tykwer,21,57,37
Greg Coolidge,4,0,0
Kirk De Micco,3,8,1
Alfonso Cuarón,17,105,110
Robert Butler,5,1,1
Lina Wertmüller,32,18,13
Dave McKean,15,2,6
John Waters,18,5,5
Guy Green,25,8,6
Noam Murro,4,7,2
Leena Yadav,6,2,5
Alek Keshishian,19,1,1
Hugh Wilson,17,8,5
Shari Springer Berman,13,22,23
Christopher Crowe,7,1,0
Anthony Hemingway,44,12,3
John Wells,2,8,30
Ben Howling,4,0,0
Robert Aldrich,37,9,4
William Beaudine,372,1,1
Robert Heath,5,7,6
Bryan Foy,2,9,6
Roger Spottiswoode,33,7,8
Martin Rosen,3,4,0
Reza Bagher,5,2,4
Erik Van Looy,13,3,4
Yuriy Kara,12,1,1
Kanji Nakajima,3,2,2
B. Reeves Eason,159,0,0
Blair Hayes,9,0,0
Barney Elliott,3,3,3
Howard Zieff,9,1,1
Jehane Noujaim,10,22,28
Joe Wright,19,34,12
Jeff Woolnough,71,11,3
Elisabeta Bostan,25,2,2
Olga Subbotina,8,0,0
Benny Boom,58,4,0
Peter Pau,3,34,24
Josh Schwartz,2,1,0
Patricia Rozema,21,18,7
Malcolm Venville,7,1,2
Bernhard Wicki,14,6,19
Marilyn Agrelo,9,2,4
John Penney,3,0,0
Wayne Wang,23,10,17
Nick Gomez,67,5,3
Martin Brest,9,6,5
Terence Fisher,64,1,0
Dave Bullock,6,2,1
Tony Kaye,21,11,6
David Lister,30,0,0
Dennis Gansel,15,8,12
Kevin Macdonald,1,10,9
Sudha Kongara Prasad,1,0,0
Kim Tae-yong,1,0,0
Lijo Jose Pellissery,8,1,1
Henry Bromell,5,14,7
Ryûhei Kitamura,24,9,6
Andreas Kleinert,27,12,13
Yuri Mamin,10,3,0
Alfonso Gomez-Rejon,9,13,14
Ingmar Bergman,70,39,82
Liev Schreiber,2,38,20
Jon Hess,12,1,0
Joshua Overbay,10,2,1
Allen Hughes,13,9,7
Caytha Jentis,3,1,1
Arch Nicholson,14,0,0
James Kent,31,2,0
Seth Rogen,10,34,12
Howard Goldberg,3,4,2
Mark Pavia,4,0,0
Miranda July,7,17,25
Baltasar Kormákur,16,27,34
Todd Phillips,15,4,5
Stefano Mordini,10,11,0
Robert Sigl,24,2,1
Fletcher Markle,24,0,0
Alex Gibney,45,60,27
Andrew Morahan,123,4,3
Deran Sarafian,1,0,0
Neil Nightingale,2,3,2
Deniz Gamze Ergüven,5,33,36
Sujoy Ghosh,12,7,4
George Miller,18,56,71
Hal Needham,20,5,7
Gus Van Sant,50,62,43
Kirk Jones,4,0,0
Jean-Pierre Jeunet,16,30,46
Mark Robson,33,11,3
Karthik Subbaraj,7,1,1
David Ogden,2,1,1
Katsuhiro Ōtomo,14,3,6
Alexander Holt,4,1,1
Robert Redford,10,50,40
Craig Mazin,2,1,0
Bryan Bertino,3,3,0
Nicolás López,15,4,1
Asger Leth,6,10,9
Reshef Levy,2,5,0
Brian Taylor,6,1,1
Chu Yen-ping,65,0,0
Vladimir Bortko,20,4,4
Andy Warhol,99,0,0
Julian Schnabel,6,31,28
Peter Billingsley,5,6,2
Engin Orbey,6,0,0
Lisa Krueger,3,3,1
Peter Hedges,4,17,4
Tom Savini,8,1,4
John Boulting,13,3,1
Richard Kwietniowski,11,1,5
Martha Holmes,2,3,1
Jonathan Newman,12,1,1
Isabel Coixet,34,30,50
Aleksander Bach,1,0,0
Shane Carruth,3,29,6
Kevin Yagher,2,12,3
Elizabeth Wood,5,2,1
Lorene Scafaria,6,1,1
Vasanth,11,1,1
Richard Gabai,27,0,0
Daniel Lee,1,0,0
Daniel Junge,20,11,21
Doug McHenry,5,2,0
Nicholas Hytner,6,6,3
Mick Jackson,35,12,13
Jamie Travis,19,4,12
Francine McDougall,9,5,6
Joseph Zito,10,0,0
Fabrice Gobert,7,4,0
John Michael McDonagh,4,22,15
Alain Fresnot,6,6,4
Justin Kurzel,8,15,8
Dan Bradley,1,3,1
Hiromasa Yonebayashi,4,9,7
Roberto Andò,10,15,6
Karen Oganesyan,13,2,2
David Worth,26,0,0
Colin Trevorrow,7,9,7
Thomas Carter,49,13,6
Rodney Gibbons,17,1,0
"""Chris DArienzo""",2,1,0
"""Dinesh DSouza""",4,1,2
Jukka-Pekka Valkeapää,6,7,3
Eugene Abizov,1,0,0
Pau Freixas,14,7,3
Zion Myers,40,0,0
Don Siegel,50,1,2
John Patrick Shanley,2,23,5
Peter MacDonald,11,3,0
Tim Blake Nelson,8,12,6
Pang Ho-cheung,15,23,9
Joe Cross,1,0,0
John Stalberg,5,0,0
Mabrouk El Mechri,9,1,0
Trish Sie,8,2,1
Michael O. Sajbel,8,0,0
Edward Lachman,10,42,42
John Pieplow,2,0,0
Jim Mickle,7,20,5
Álex de la Iglesia,24,34,29
John Francis Daley,6,7,0
Ted Demme,18,5,2
Ron Clements,8,17,13
Barry Skolnick,2,0,0
James Kirkwood,80,0,0
Olatunde Osunsanmi,20,2,2
Wolfgang Becker,9,14,27
Dolph Lundgren,9,3,3
Sajid Nadiadwala,2,6,3
Frank Lloyd,135,5,3
Siddique,1,0,0
Ridley Scott,48,93,47
Joseph Pevney,92,2,3
Scott Mann,15,1,1
Steven R. Monroe,41,0,0
André Téchiné,31,33,11
Leonel Vieira,18,5,4
Jon Cassar,52,19,7
John Lafia,16,1,1
Pekka Karjalainen,12,3,3
Patrick Hughes,7,3,1
John H. Lee,7,1,1
Don Scardino,58,17,4
Lloyd Bacon,130,2,1
Sam Firstenberg,24,1,0
Alister Grierson,11,5,5
Jay DiPietro,2,1,0
Paolo Virzì,19,50,71
Xavier Giannoli,12,22,8
Viktor Sergeyev,3,1,0
Steven Zaillian,4,55,34
Michel Hazanavicius,14,74,50
Steven Hahn,4,0,0
Dawn Porter,9,9,5
Vondie Curtis-Hall,17,12,5
Isao Takahata,28,13,17
Harold S. Bucquet,28,0,0
Thomas Schlamme,61,29,18
Frank Borzage,107,3,6
Maggie Greenwald,17,8,4
Jennie Livingston,5,12,12
Craig Monahan,5,5,8
Richard Glatzer,5,4,8
Mike Clattenburg,23,9,2
Takashi Yamazaki,22,7,10
Roman Prygunov,7,3,0
Peter Yates,28,14,9
Jack Clayton,10,10,4
Brad Anderson,41,11,6
Mark Tarlov,2,0,0
Janusz Kamiński,7,72,38
Reinhard Klooss,5,2,4
Agustín Díaz Yanes,5,15,17
Cédric Klapisch,20,13,20
Robert Dornhelm,33,8,5
Heitor Dhalia,10,14,13
Will Canon,6,1,2
David Robert Mitchell,4,18,16
David Carson,48,2,0
Jean Negulesco,87,6,3
Max Allan Collins,5,1,0
Joseph Dorman,4,0,0
Frank Strecker,32,1,1
Andrzej Wajda,54,35,54
Josh Trank,5,2,1
Lori Silverbush,3,6,6
Andrea Molaioli,5,4,9
Fred M. Wilcox,11,0,0
Kim Han-min,4,4,5
Dan Fogelman,3,10,5
Mike Thurmeier,10,2,1
Emilio Estevez,13,11,4
Bryan Johnson,1,0,0
Óscar Aibar,9,7,3
Buzz Kulik,75,11,8
Ana Lily Amirpour,16,18,9
Nicholas Meyer,9,17,9
Akira Kurosawa,33,23,68
Kabir Khan,10,4,9
Hou Hsiao-hsien,21,45,56
Edward Hall,9,1,0
Erick Zonca,8,10,15
Howard Deutch,40,1,1
Patrick Archibald,8,0,0
Sterling Van Wagenen,9,2,2
Clark Gregg,4,3,5
Marcel Langenegger,2,0,0
Camille Delamarre,5,10,4
Sarah Gavron,8,8,10
Nate Parker,6,17,7
Dominique Othenin-Girard,22,4,0
Peter R. Hunt,15,1,0
Lenny Abrahamson,10,27,26
Rob Pritts,3,0,0
Chris Weitz,8,16,3
Farhan Akhtar,6,24,28
Yılmaz Erdoğan,14,4,4
Steve Bendelack,36,4,0
Richard Franklin,20,5,4
Christine Jeffs,5,6,1
Cristina Comencini,16,20,13
Pitof,6,3,7
Ela Thier,8,2,1
Jerome Robbins,2,4,5
Pete Docter,10,66,46
Jules Dassin,25,9,9
Josh Gordon,9,2,3
John Ottman,2,15,7
Alex Garland,3,55,22
Tobe Hooper,38,4,9
George Gallo,15,1,1
John Curran,8,8,5
Cynthia Wade,18,4,23
Mel Stuart,54,5,4
Michel Gondry,123,46,28
Wilson Yip,27,12,7
Mark Pellington,57,5,2
Norman Z. McLeod,57,1,1
Reginald Le Borg,92,0,0
Marius Markevicius,4,3,0
Merian C. Cooper,6,2,4
Jonathan Demme,68,36,30
Ricky Gervais,12,58,25
Jerrold Freedman,30,3,2
Tom McCarthy,7,98,76
Taika Waititi,20,32,59
Andrew Stanton,9,65,34
William Monahan,2,13,16
Trevor Wall,5,1,1
Jared Cohn,30,0,0
Robert Luketic,11,4,4
Rakeysh Omprakash Mehra,9,3,15
Nelson Shin,7,1,1
Regardt van den Bergh,28,1,1
Keanu Reeves,1,22,12
John Sayles,24,33,30
Phil Morrison,12,4,1
Jeff Kanew,19,0,0
Jude Anthany Joseph,3,1,1
Kornél Mundruczó,18,28,42
Michael Curtiz,178,14,5
Michael Almereyda,27,17,10
Russell Mulcahy,111,5,3
Bill Duke,62,7,6
Kevin Tancharoen,26,1,0
Jake Szymanski,45,1,0
Venkat Prabhu,9,2,0
Stephen Frears,63,72,67
John Dahl,55,8,5
Phil Claydon,5,1,1
Agustí Villaronga,21,27,27
Daisy von Scherler Mayer,41,3,0
Brad J. Silverman,6,1,1
Andy García,7,26,17
F. Gary Gray,35,11,6
Richard Rich,31,0,0
Charles Shyer,11,3,3
Stephen Herek,30,5,5
Brian G. Hutton,9,0,0
Patricia Riggen,12,2,13
Allison Anders,30,9,8
Don Taylor,95,3,1
Aaron Katz,9,10,2
Mark A.Z. Dippé,16,2,0
Sean S. Cunningham,15,2,0
Andrey Kravchuk,7,6,10
Siva,9,0,0
Andrew Sipes,1,0,0
Luc Dardenne,19,62,55
Alastair Fothergill,12,6,5
Eugene Marner,1,0,0
Jessy Terrero,86,0,0
Laurice Guillen,37,35,10
J.B. Rogers,6,0,0
DJ Pooh,3,0,0
Toby Wilkins,13,1,4
Cory Edwards,6,0,0
Ferzan Ozpetek,13,44,41
Roger Christian,20,5,4
Neil Jordan,23,53,40
Taylor Hackford,26,14,13
Ramón Menéndez,5,2,2
George Lucas,18,38,64
Grégory Levasseur,1,0,0
Miguel Sapochnik,22,5,2
Blair Treu,15,3,3
Evan Glodell,4,4,3
Guy Hamilton,23,2,2
Ron Underwood,56,5,0
Kyle Lawrence,3,1,1
Irving Rapper,21,1,0
Stacie Passon,11,7,4
Jeff Franklin,6,5,5
Daniel Barnz,6,2,2
Michael Patrick Jann,48,2,2
Marc Forster,17,14,7
Brandon Camp,2,0,0
Richard Wenk,6,2,0
Benjamin Heisenberg,8,13,11
Kamal Haasan,7,22,48
Kristóf Deák,8,13,13
Dito Montiel,7,8,3
Tony Richardson,40,16,11
Robert Sarkies,11,5,8
Kevin Lima,6,4,2
Albert Maysles,53,15,28
Samuel Fuller,34,4,7
Matthew Warchus,4,5,3
Marlon Brando,1,35,30
Mick Garris,32,4,5
Giuseppe Tornatore,24,51,54
Andrea Tonacci,9,2,5
Claude Lelouch,62,22,21
Jeffrey Lau,37,9,2
Ralph Nelson,49,7,7
Andrew Haigh,12,29,24
James Toback,12,10,4
Eric Brevig,4,13,3
Jake Kasdan,21,6,2
Adrienne Shelly,6,11,3
Oxide Pang Chun,26,15,3
Larisa Shepitko,8,4,4
Danny Cannon,25,7,4
David Moreau,5,2,0
Megan Griffiths,12,10,9
J. F. Lawton,5,2,1
David Ayer,14,5,0
Kevin Hooks,90,14,2
Simon Hunter,5,2,4
Jim Gillespie,13,1,0
Mamoru Oshii,43,10,13
Margarethe von Trotta,26,22,34
Marcus Nispel,62,4,0
Stephen Daldry,13,44,42
Fred Walton,16,3,3
Gregory Plotkin,3,11,0
Antoine Fuqua,63,8,4
Antony Hoffman,2,0,0
James Orr,1,0,0
Harley Cokeliss,24,3,1
Peter Kassovitz,38,2,2
Alexander Korda,69,1,1
Eugène Lourié,8,2,2
Jean-Marc Vallée,15,28,32
Andrei Konchalovsky,28,39,33
Michael Apted,78,17,22
Bhaskar,6,1,0
Bill Eagles,44,0,0
Alain Berbérian,13,0,0
Elizabeth Banks,6,35,16
Paul Golding,2,0,0
Julian Pölsler,27,9,7
Jorma Taccone,19,20,8
Morgan J. Freeman,2,80,61
Asghar Farhadi,10,67,86
John Krasinski,4,26,10
Ben Garant,9,5,1
Jerry Rees,17,2,4
Don Coscarelli,13,12,9
Vera Farmiga,1,77,19
Raymond De Felitta,12,9,6
Neil LaBute,28,16,14
Warren Beatty,6,52,39
Hans Petter Moland,15,18,27
Peter Webber,17,10,5
Rob Bowman,44,7,5
Coodie Simmons,13,1,0
Jesse Dylan,19,2,1
John R. Cherry III,21,0,0
Edward Dmytryk,56,14,7
Stephen Kessler,4,2,2
Carl Rinsch,5,0,0
James Isaac,5,4,2
Masahiro Shinoda,32,13,16
Christopher Scott Cherot,8,2,3
Michael D. Olmos,6,2,1
François Girard,13,9,10
Gary Goldman,10,3,1
Hajime Kadoi,3,1,1
Alejandro González Iñárritu,15,156,121
Victor Sjöström,55,5,5
Mars Callahan,5,1,0
Stephen Sommers,11,3,1
Kelly Asbury,5,10,2
RZA,5,5,2
Cy Endfield,32,2,2
Tim McCanlies,5,3,4
Sean Baker,10,57,37
P.J. Hogan,12,5,4
Lamont Johnson,84,15,7
Eckhart Schmidt,140,1,0
Ken Russell,74,13,13
Nick Moore,6,2,1
Philippe Caland,4,2,1
Charles Grosvenor,14,4,0
Ed Stone,1,0,0
Jamaa Fanaka,7,0,0
Jonathan Teplitzky,13,16,3
Stephen Norrington,4,3,1
Viktor Shamirov,6,3,2
Mastan Alibhai Burmawalla,20,1,0
Deepa Mehta,19,20,23
Alejandro Fernández Almendras,7,22,10
Doug Lefler,11,0,0
Muriel Coulin,5,8,8
Gilles Lellouche,6,5,2
Steve Buscemi,16,65,29
Cellin Gluck,3,0,0
Rob McKittrick,2,0,0
Charles B. Pierce,1,0,0
Alejandro Jodorowsky,11,12,11
Jesse Peretz,33,7,3
Bruce McCulloch,13,15,7
Richard Loncraine,23,16,8
Philip G. Atwell,25,4,0
Valeria Golino,3,60,65
Leon Ichaso,34,5,5
Anthony Russo,22,10,3
Martin Lawrence,1,11,5
Yan Vizinberg,2,1,1
Fran Rubel Kuzui,3,0,0
Amos Poe,21,2,0
Robert De Niro,2,99,55
Steve Antin,3,1,0
Jon Stewart,1,98,40
John Llewellyn Moxey,101,1,0
Jim Jarmusch,29,49,33
Victor Fleming,50,5,2
Hans Canosa,3,3,2
Teddy Chan,11,10,3
Jim Rash,3,30,20
J.J. Abrams,15,55,21
Peter Markle,59,4,3
Gary Shore,4,2,0
D. Stevens,3,1,1
Marc Webb,47,7,7
Douglas Aarniokoski,21,1,0
Nicole Holofcener,23,34,8
Matthew Heineman,8,44,30
"""Matthew OCallaghan""",13,6,0
Kathleen Slattery-Moschkau,2,0,0
Steve Oedekerk,8,4,2
Peter Bogdanovich,34,14,19
László Benedek,42,3,1
Arjun Sablok,3,0,0
Doug Sweetland,5,2,4
Todd Holland,52,18,10
Donna Deitch,43,3,3
Olaf Lubaszenko,9,3,5
Albert Parker,36,0,0
Geremy Jasper,5,8,2
Shuki Levy,11,0,0
Jack Sholder,22,5,7
Daniel Mann,1,1,0
Eric Red,8,2,0
William Phillips,4,4,1
Krishna D.K.,8,1,0
Joe Cornish,7,16,12
Walter Salles,27,30,55
Stewart Raffill,24,1,4
Anjali Menon,5,5,5
Paul Donovan,15,2,1
Paul Verhoeven,29,38,42
Bùi Thạc Chuyên,5,7,6
Sarik Andreasyan,15,1,1
Oleg Pogodin,7,6,1
Robert Vernay,36,0,0
Michael Landon Jr.,16,1,8
Baz Luhrmann,17,49,34
Pedro Morelli,8,1,0
Charles Barton,98,2,1
Andrew Hyatt,4,4,2
Sergei Glezin,1,1,1
Frank Darabont,11,28,16
Christophe Van Rompaey,12,10,21
John Turturro,8,32,20
Ben Younger,7,5,2
Tony Randel,20,6,2
Roger Allers,5,8,2
Miguel Arteta,37,18,3
Jason Bateman,10,43,13
Armand Schaefer,24,0,0
David de Vos,17,0,0
Albert Hughes,10,7,1
Kat Coiro,21,2,5
Daniel Petrie,97,21,14
Matthew Vaughn,8,18,5
Quentin Tarantino,21,179,139
Todd Louiso,4,3,1
Daryl Wein,10,6,3
Michael Rymer,23,14,21
Bertrand Blier,20,19,14
Koji Hashimoto,1,29,25
Adam Shankman,25,4,5
Stanley Donen,32,9,13
Roland Emmerich,25,16,16
Dejan Zečević,24,2,4
Darren Aronofsky,14,84,40
Stuart Heisler,40,0,0
Des McAnuff,6,3,2
Gene Fowler Jr.,18,7,4
Hal Sutherland,36,0,0
Peter Howitt,12,3,6
Denzel Washington,4,168,83
Robert Rossen,10,9,12
Jason Eisener,13,8,2
Kuntaa Nikkil,2,0,0
Bernie Goldmann,1,0,0
Paolo Barzman,42,3,1
Jennifer Kent,5,20,27
Todd Stephens,3,1,4
Larry Brand,11,4,4
Robert Altman,89,75,72
Lee Harry,3,1,1
William A. Fraker,10,9,9
Lance Mungia,6,2,1
Andrew V. McLaglen,59,1,1
Michael Mayer,10,1,0
Curtis Hanson,18,30,49
Menahem Golan,47,9,4
Christian Ditter,13,3,11
Frank Passingham,2,0,0
Jeffrey Nachmanoff,13,1,1
Roman Karimov,7,1,0
Asif Kapadia,18,25,33
Linda Wendel,12,2,2
Mary McGuckian,11,4,4
Barry Cook,10,4,2
Rakesh Roshan,14,13,18
Cristian Mungiu,12,56,38
Tom Donahue,11,8,2
Sabbir Khan,4,0,0
Forest Whitaker,6,56,56
Laurence Olivier,7,37,39
Greg Beeman,55,4,2
Jeff Burr,26,2,4
Constantine Giannaris,14,8,8
Richard Lester,33,5,13
Gina Prince-Bythewood,17,13,11
Stuart Burge,60,1,0
Michael Miller,3,2,0
Jeff Nathanson,1,5,1
Gary Fleder,43,3,3
S. J. Surya,9,3,0
Karan Malhotra,5,1,1
David Brooks,2,0,0
Thomas Vinterberg,22,47,50
Paco Cabezas,15,1,2
Anders Anderson,1,0,0
Lewis Teague,30,2,1
Robert Mulligan,34,11,6
Andy Muschietti,7,4,10
John Duigan,25,10,12
Lee Kirk,3,0,0
Maksim Voronkov,7,0,0
Dewey Nicks,3,1,0
Kevin Bray,84,1,0
Małgorzata Szumowska,15,31,25
Roger Vadim,31,2,0
J. Lee Thompson,49,11,4
Michele Placido,16,32,29
Jeff Chan,7,2,2
Trent Cooper,13,2,4
Todd Strauss-Schulson,28,4,2
Martin Donovan,2,6,3
Udayan Prasad,16,7,3
Tom Hanks,8,152,84
Zana Briski,1,4,16
Matthew Chapman,5,6,3
Ernest R. Dickerson,68,18,9
Larry Semon,131,1,1
Philip Sansom,9,0,0
Stanley Kwan,17,26,16
Marc Evans,27,6,9
Ali Abbas Zafar,9,2,1
Sammo Hung,36,21,10
Siddharth Anand,8,2,0
Andy Tennant,29,2,1
John Glenister,56,2,1
Juan Diego Solanas,5,5,10
Mark Tonderai,17,0,0
Thomas J. Wright,64,2,0
Victor Saville,43,1,0
Beeban Kidron,19,2,3
Bobby Farrelly,18,4,3
Todd Solondz,13,36,15
Richard Quine,46,1,0
Nikolay Lebedev,10,10,4
Mark L. Lester,34,3,3
Ernst Lubitsch,74,5,7
Michael Powell,60,10,10
Jordan Walker-Pearlman,8,3,7
Vetrimaran,4,4,8
James Algar,27,3,10
Mark Illsley,2,3,1
Julie Delpy,9,64,30
Alan Myerson,89,3,1
Chris Morris,7,19,9
Lucia Aniello,11,1,1
Michael Winterbottom,43,58,23
Afonso Poyart,6,5,6
Andrei Kavun,8,2,2
Mahesh Manjrekar,31,4,3
Greg McLean,9,13,2
Robert Wise,41,29,36
Jon Hurwitz,5,0,0
Joshua Logan,11,10,6
Daniel Alfredson,25,6,9
Jill Sprecher,3,3,4
Elia Suleiman,11,10,16
Stefan Haupt,12,10,13
Vicente Amorim,16,10,3
Charles Robert Carner,16,1,1
Charles Marquis Warren,22,2,1
Stuart Rosenberg,46,8,3
Paul Andrew Williams,16,13,10
Carl Schenkel,19,4,7
Evgeniy Shelyakin,5,1,0
André Calmettes,53,0,0
Ettore Scola,42,34,55
Sam Mendes,10,29,39
Tommy Wirkola,8,6,7
Dominic Burns,5,0,0
Mikael Salomon,49,12,8
Maryam Keshavarz,6,7,11
Juraj Herz,45,9,14
Ritesh Batra,9,18,22
Godfrey Reggio,8,1,6
Steve Gomer,29,1,2
Charlotte Sieling,23,4,2
Todd Haynes,19,92,58
Rob Schmidt,15,4,0
Luis Llosa,11,1,0
Mark Neveldine,5,0,0
Claude Barras,7,18,16
Achero Mañas,8,6,23
Jon Turteltaub,20,2,0
Sheldon Lettich,8,1,1
Giulio Manfredonia,15,8,7
Michael Patrick King,8,24,7
Orson Welles,54,19,27
Stewart Hendler,10,1,2
Gillian Armstrong,27,11,8
Jennifer Wynne Farmer,4,0,0
Steve Shill,62,4,1
James Manera,3,0,0
Marçal Forés,6,3,11
Duncan Jones,7,14,14
Taylor Sheridan,3,51,19
Christopher Leitch,50,1,1
Hector Babenco,14,17,23
Stacy Peralta,14,3,6
Steve McQueen,31,88,84
Geoffrey Sax,38,7,4
James Nunn,7,3,3
Jean Rollin,52,0,0
Michael Anderson,43,9,4
Jay Alaimo,7,1,0
Andrei Proshkin,10,13,7
Hugh Johnson,1,0,0
Kirk Wong,14,3,1
Ian Iqbal Rashid,4,2,1
Adam Elliot,7,8,36
Justin Lin,24,6,3
Garth Jennings,23,10,2
Richard Attenborough,12,24,28
Alan Clarke,30,1,2
Neal Slavin,2,3,0
Kon Ichikawa,92,21,32
Auli Mantila,11,8,5
Tim Coleman,1,0,0
Andrzej Bartkowiak,9,2,1
Anthony Waller,6,1,4
Kirsten Sheridan,8,21,35
Iain Softley,11,2,3
Henry Hobson,3,2,0
Vikramaditya Motwane,7,16,12
Robert Fuest,23,2,2
Spencer Gordon Bennet,124,0,0
Willard Carroll,4,5,4
Jonathan Sanger,20,8,2
Glen Goei,4,2,0
Steve Beck,2,4,1
Sean McConville,5,5,2
Jack Gold,56,10,7
Tamara Jenkins,7,19,10
Amir Bar-Lev,8,14,12
José Ferrer,7,8,3
Gábor Csupó,6,25,8
Chris Paine,4,2,0
Howard Storm,50,1,0
David Chase,6,33,18
John Harlow,39,0,0
Kelly Fremon Craig,1,8,3
William Castle,65,0,0
Byron Haskin,39,6,6
Bruce McDonald,78,30,27
Eldar Salavatov,4,1,1
Steve Carr,21,1,1
Joseph Kahn,107,13,9
Sam Taylor-Johnson,12,11,9
Otto Preminger,43,21,6
Mia Hansen-Løve,8,24,7
Robert Day,91,1,0
Jafar Panahi,18,30,44
Ryan Smith,1,0,0
Richard Rush,14,7,3
Leslie Zemeckis,3,2,3
Gabriel Aghion,17,2,0
Bill Fishman,18,1,1
John Lee Hancock,9,5,3
Joy Mathew,1,1,1
William Wyler,73,46,19
Lori Petty,2,2,3
Jeb Stuart,2,4,0
Matt Bettinelli-Olpin,15,2,0
Walter Lang,9,4,0
Togan Gökbakar,10,0,0
George Seaton,23,19,9
Phil Tucker,9,0,0
Philip Saville,56,3,3
Robert Kenner,10,14,7
Kabir Sadanand,7,1,0
Brian Dannelly,18,2,2
Guy Moshe,5,1,0
Agnieszka Holland,44,35,25
"""Jesse OBrien""",5,1,0
Bertrand Normand,5,0,0
Henry Cass,29,0,0
Joe Mantello,3,5,3
Charles Nemes,21,1,1
Madonna,3,98,44
Giuseppe Capotondi,8,7,2
John Polson,20,3,8
Caroline Link,13,8,24
Michael Showalter,12,3,6
Tim Fywell,41,4,5
Thomas Langmann,3,6,17
Michael Clancy,2,1,1
David Koepp,10,11,3
Deon Taylor,18,1,1
Gary Chapman,1,0,0
Kang Hyeong-Cheol,5,3,3
Joel Schumacher,34,9,9
Nick Cassavetes,12,8,5
Nimród Antal,10,5,10
Hank Braxtan,14,3,1
Ruben Fleischer,28,1,1
Delbert Mann,66,16,10
Levan Gabriadze,5,1,3
Takeshi Kitano,19,39,51
Alejandro Agresti,30,14,25
Michael Polish,13,11,8
Agathiyan,8,1,5
Rania Attieh,4,11,7
Brillante Mendoza,31,72,51
Neema Barnette,41,3,3
Michael Carreras,13,1,1
Herbert Ross,25,5,7
Phil Lord,8,14,15
Bernard Rose,26,9,6
Roberto Benigni,9,43,59
Stuart Baird,3,15,2
Albert Pyun,54,2,4
Boris Sagal,100,6,4
Frank Perry,21,8,5
W.D. Hogan,16,0,0
Leslye Headland,10,2,0
Lajos Koltai,3,6,9
Takashi Shimizu,38,5,2
Chen Kaige,20,20,28
Alan Shapiro,8,3,0
Tod Browning,62,2,2
Steven Brill,12,2,2
Aleksey German,6,4,12
Sol Tryon,2,1,1
Wes Craven,33,6,10
Sam Peckinpah,26,7,7
Joe Camp,11,2,1
Q. Allan Brocka,15,2,31
Jon Amiel,38,1,5
R.J. Cutler,17,14,5
Gillo Pontecorvo,22,6,18
Danny Leiner,31,1,0
Damien Chazelle,6,122,72
Claudia Llosa,6,11,21
Law Chi-Leung,8,8,2
Çetin Inanç,115,0,0
Anthony Hickox,28,3,3
Frank Oz,17,13,16
 E.W. Swackhamer,97,2,1
Niall Johnson,10,2,2
David Wnendt,9,13,10
Alex Kurtzman,5,9,3
Juan Antonio Bayona,19,23,28
Feliks Falk,24,10,14
Joe Pytka,24,12,5
Kevin Williamson,1,3,1
David Hand,34,1,1
Jay Chandrasekhar,53,6,3
Elliott Nugent,32,0,0
Philip Kaufman,13,17,15
Robert Towne,4,10,12
Charles Burnett,29,7,16
Frederick Stephani,1,0,0
Alan Taylor,35,15,6
Amma Asante,5,11,13
Jonathan Dayton,49,24,20
Jerry Zaks,15,3,3
Félix Enríquez Alcalá,100,9,2
Abbas Tyrewala,3,5,5
Troy Nixey,2,1,0
Saravana Subbiah,1,0,0
Michael Dowse,14,13,4
Stephen Hillenburg,11,12,16
Paul Weitz,13,9,3
Jimmy Hayward,4,0,0
Jonathan Silverman,3,1,3
Drew Barrymore,3,57,33
Nima Nourizadeh,7,0,0
Mike Mills,13,20,8
Yôji Yamada,87,37,58
Hart Bochner,5,0,0
Magnus Martens,22,3,3
Miguel Courtois,31,3,2
Park Kwang-hyun,3,2,1
Hal Haberman,2,3,1
Oliver Hirschbiegel,22,18,18
Gary Halvorson,150,18,16
Anand Patwardhan,16,9,13
Todd Field,13,42,23
Jon Kasdan,3,1,0
Farren Blackburn,26,1,1
John Herzfeld,22,4,3
Zal Batmanglij,5,5,2
Peter Chan,20,18,25
Arnaud des Pallières,11,9,7
Elizabeth Allen Rosenbaum,26,1,3
Henry Bean,2,6,5
Steffen Haars,11,6,11
Roger Kumble,30,0,0
Maren Ade,5,40,36
Aleksandr Medvedkin,17,2,2
Roger Young,52,3,4
John Wayne,5,18,26
Ursula Meier,12,18,17
Leslie Arliss,24,0,0
Bob Rafelson,20,10,5
Robert Kurtzman,5,6,4
Floyd Mutrux,5,0,0
Michael Radford,19,13,23
Carl Colpaert,10,2,3
C. Jay Cox,6,3,3
Scott Hicks,35,13,14
David Bruckner,5,5,0
Yau Nai-Hoi,1,29,16
Jeff Wadlow,10,1,8
Duke Johnson,6,22,17
François Truffaut,28,27,34
Goo Mo,1,0,0
R. Ravi Kumar,2,0,0
Sanjay Leela Bhansali,11,32,34
Chuck Russell,9,5,1
Dennie Gordon,73,1,1
Diederik Van Rooijen,25,6,3
Luke Greenfield,15,1,5
Simon Verhoeven,5,4,8
Ashutosh Gowariker,9,16,30
Alan Poul,14,13,9
Barry Jenkins,11,84,73
Juhn Jai-hong,5,3,2
Adam Simon,1,0,0
Derek Cianfrance,16,16,9
Rob Hardy,1,2,2
Dan Scanlon,4,8,2
Sriram Raghavan,7,3,0
Alan Alda,7,61,41
Xue Xiaolu,1,0,0
Andrew Douglas,13,4,2
Norton Virgien,10,5,6
Michael Gornick,6,0,0
Tony Jaa,3,4,0
Corey Yuen Kwai,32,19,3
Joel Edgerton,5,53,15
Ate de Jong,22,4,1
John Milius,13,6,4
Phil Alden Robinson,9,11,12
Nicole Conn,7,12,12
Robert Lieberman,56,1,0
Jim Sharman,6,1,1
Robert Greenwald,27,4,4
Louis Leterrier,9,0,0
Hwang In-Ho,2,0,0
Tom Green,5,8,11
"""Jim OHanlon""",26,1,0
Nick Weiss,5,0,0
Warren P. Sonoda,28,5,1
Nikita Mikhalkov,27,32,35
Alexandre Aja,12,11,2
Marius Balchunas,12,0,0
Liam Lynch,27,0,0
James Cameron,24,67,70
Jun Falkenstein,11,1,0
Anton Megerdichev,5,2,1
Mike Judge,16,32,5
Lewis Seiler,90,0,0
Abbas Alibhai Burmawalla,20,1,0
John Glenn,12,1,1
Tim Hill,13,1,1
Andrew Niccol,8,13,12
Joo-Young Ban,1,1,0
Akiva Schaffer,52,19,8
Lew Landers,175,0,0
Laís Bodanzky,13,14,27
Jingle Ma,18,13,4
Ole Bornedal,17,17,15
Jeremy Garelick,11,1,1
Imtiaz Ali,8,20,5
André Øvredal,8,11,15
Greydon Clark,20,0,0
Daniel Attias,84,9,3
Frank Launder,18,2,1
Natalie Portman,3,131,85
Nigel Finch,11,7,3
Wong Kar-wai,31,76,37
Stefan Schwartz,27,1,4
Kogonada,26,23,6
Jean-Claude Van Damme,3,9,2
Christopher B. Landon,7,2,1
Douglas Day Stewart,4,4,1
Paul Michael Glaser,21,6,4
Young-Sung Sohn,2,1,0
Dan Curtis,35,7,6
Vishnuvardhan,8,1,0
Mike Flanagan,14,16,26
Joachim Rønning,11,5,4
Huh Jung,2,2,1
Heidi Ewing,24,17,22
Peter Medak,68,3,1
Abhinay Deo,7,1,1
Michael Meredith,8,1,1
Michel Deville,33,17,16
Gil Junger,69,2,1
Grant Heslov,15,35,19
Jerusha Hess,1,1,0
Diane Keaton,11,55,33
Jeffrey Blitz,12,11,18
Campbell Scott,7,12,7
Neil Abramson,11,2,0
Jennifer Flackett,1,1,0
Mark Rosman,23,0,0
Lucy Walker,22,30,50
Igor Zaytsev,6,1,1
Gilles Mimouni,3,1,0
James Frawley,90,6,2
Lawrence Kasdan,12,30,21
Kenneth Bi,6,6,3
Radha Bharadwaj,2,1,1
David Gordon Green,24,36,14
Ben Affleck,7,110,73
Jonas Elmer,11,2,5
Robert Benton,12,27,31
J.C. Chandor,5,20,11
Dan Kwan,12,15,9
Kathryn Bigelow,19,61,83
Christos Dimas\t \t   ,21,1,0
Alexander Witt,3,0,0
Melanie Mayron,54,10,8
Irwin Winkler,7,10,12
Thom Eberhardt,17,2,2
Suri Krishnamma,37,5,12
Semih Kaplanoğlu,8,14,32
Julian Roffman,5,0,0
Timo Vuorensola,6,2,2
Bob Spiers,38,6,2
Tom Harper,22,4,3
H.B. Halicki,3,0,0
Mel Gibson,10,41,43
Josée Dayan,78,1,1
Denise Di Novi,4,4,1
David Silverman,12,16,7
Philip Zlotorynski,8,2,2
"""Tommy OHaver""",9,3,1
José Padilha,12,14,44
Daniel Monzón,6,17,19
Anthony Asquith,44,7,3
Benny Chan,26,11,2
Tyler Oliver,2,0,0
Jan Verheyen,22,6,3
Deborah Anderson,5,0,0
Bart Freundlich,15,4,1
Bill Forsyth,11,9,10
Wolfgang Petersen,30,8,12
Terry Jones,17,5,4
Rick Rosenthal,64,7,4
Jon Favreau,21,11,7
Maurice Tourneur,98,1,2
Michael Brandt,2,0,0
Puneet Issar,5,0,0
Erik Estenberg,11,2,2
Stuart Gordon,20,11,10
Mani Ratnam,26,17,26
James DeMonaco,5,4,1
John Payson,5,3,3
Robert Patton-Spruill,5,1,1
Marcus Raboy,1,0,0
Tian Xiao Peng,1,1,0
Sylvain White,27,1,0
Dan Gilroy,3,23,19
Kleber Mendonça Filho,12,25,64
John Guillermin,40,3,2
Gary Sinyor,9,1,4
Gregory Widen,2,0,0
Luis Mandoki,23,5,4
Gaston Biraben,1,3,3
Andrei Tarkovsky,12,8,22
Krzysztof Krauze,12,21,29
Mira Nair,25,24,31
Rajiv Menon,3,3,3
Jonathan Barré,10,0,0
Jean Benoît-Lévy,103,3,1
Kim Ki-duk,24,47,60
David Salle,1,1,0
Lewis Milestone,53,5,4
Mary Agnes Donoghue,2,0,0
Sergei Bodrov,23,8,15
Bill Paxton,5,23,10
Mijke de Jong,22,18,16
"""Pat OConnor""",15,2,3
David Fincher,84,112,66
Indar Dzhendubaev,2,0,0
Guillermo del Toro,21,117,90
Adam McKay,23,31,23
S. Lee Pogostin,2,2,1
Monteith McCollum,8,1,10
James Marsh,18,27,26
Arthur Berthelet,21,0,0
Jeff Baena,3,9,0
Reverge Anselmo,3,1,1
Michael Cooney,3,2,0
Agnès Jaoui,5,15,22
Rohan Sippy,6,0,0
 Yeon Sang-Ho,10,15,24
Costa-Gavras,25,29,32
Sam Miller,34,3,1
Eric Steven Stahl,5,0,0
David Jacobson,5,3,0
Frank Tashlin,77,3,0
Thea Sharrock,5,2,1
Eduardo Villanueva Jiménez,2,2,1
Declan Lowney,51,8,3
Scott Marshall,13,1,1
Vyacheslav Kaminsky,2,0,0
Rodrigo Cortés,11,13,12
Ryan Murphy,18,64,22
Aleksandr Kott,26,22,24
Aditya Chopra,4,22,19
Roger Corman,56,3,27
Rob Zombie,21,6,6
Chris Rock,6,67,19
Jack Hofsiss,9,2,0
David Winters,22,6,6
Edgar Wright,24,32,13
Martin Scorsese,61,214,142
Sylvio Tabet,1,0,0
Lynne Ramsay,8,40,34
Harry Baweja,13,0,0
Pierre Coffin,8,23,1
Aleksandr Dovzhenko,16,1,3
Anthony Leonardi III,6,0,0
George Tillman,13,10,4
Feng Xiaogang,19,32,41
Cedric Nicolas-Troyan,3,4,1
Gabriel Range,10,4,3
Clarence Brown,53,8,8
Elliot Silverstein,36,2,4
Travis Cluff,4,0,0
Lawrence Guterman,9,1,1
Josh Becker,26,1,2
Kevin Allen,9,3,0
David Moreton,3,3,3
Nancy Walker,6,15,4
Tommy Lee Wallace,23,2,1
Krish (Radhakrishna Jagarlamudi),11,4,4
Myles Berkowitz,1,1,1
Steve Gordon,2,2,2
David R. Ellis,7,1,1
Paweł Pawlikowski,13,43,55
Jonathan Frakes,41,4,1
Oleg Stepchenko,4,0,0
Sutton Roley,61,0,0
Ken Annakin,54,3,2
Colin Strause,12,5,1
Andy Cadiff,72,1,1
José Luis Cuerda,21,14,14
Todd Lincoln ,7,0,0
Khyentse Norbu,4,8,12
Cecil M. Hepworth,134,0,0
Hue Rhodes,3,1,0
S.S. Rajamouli,12,7,20
George Mendeluk,72,2,0
Richard J. Lewis,32,9,8
Jim Kohlberg,1,1,0
William Eubank,5,1,1
Julie Anne Robinson,42,5,1
Mitch Davis,5,1,1
Jalmari Helander,12,2,6
Alan Cohn,9,1,0
Shona Auerbach,3,7,9
William Gazecki,7,5,5
Benh Zeitlin,6,45,61
Jason Stone,9,1,2
Barry Levinson,40,46,29
Hironobu Sakaguchi,10,1,1
Yvette Kaplan,10,2,1
Bronwen Hughes,33,3,1
Michael Sarne,7,2,2
Nash Edgerton,18,22,47
Ryan Fleck,16,11,18
Edwin L. Marin,58,1,0
Jeff Nichols,6,33,23
Georges Méliès,534,0,0
Peter Sattler,3,3,0
Morgan Spurlock,22,19,12
Ovidio G. Assonitis,6,0,0
Lauren Himmel,2,1,5
Oliver Stone,31,57,61
Bob Weinstein,1,18,30
Jim Issa,4,0,0
Craig R. Baxley,33,1,1
José Corbacho,13,6,7
Christian Keller,1,2,0
Keith Gordon,26,5,2
Bruce Campbell,7,8,11
David M. Rosenthal,10,1,2
Charlotte Boisson,1,0,0
Jocelyn Moorhouse,6,6,10
Harmony Korine,27,9,9
Henry Selick,12,15,9
Valery Todorovsky,10,32,21
José Ramón Novoa,7,6,18
John Bonito,2,0,0
Gary Hardwick,4,4,1
Judd Apatow,19,33,17
Alan J. Pakula,16,12,14
Molly Smith,4,4,0
Richard Ciupka,12,8,2
Robert D. Siegel,2,11,3
Kim Nguyen,13,14,11
Jan de Bont,5,8,1
Vijay Krishna Acharya,4,3,1
Francis Veber,12,6,3
Harry Winer,49,1,0
Lance Daly,6,7,5
Timur Bekmambetov,17,18,7
Gary Winick,12,3,6
Kasi Lemmons,9,5,8
Kriv Stenders,19,12,9
Jan Ole Gerster,3,10,16
Martin Campbell,34,2,3
John Cameron Mitchell,10,34,28
Frank LaLoggia,3,1,0
Eran Riklis,21,18,20
Franck Khalfoun,8,2,1
Julien Temple,170,12,9
Elliott Lester,13,3,1
Alex Proyas,26,7,6
Ding Sheng,8,1,1
Zach Braff,9,43,14
Kevin Connor,77,2,2
Trey Parker,15,24,21
Leigh Whannell,2,7,5
Ernie Barbarash,21,0,0
Yeşim Ustaoğlu,11,13,22
Norio Tsuruta,29,1,0
Jennifer Yuh Nelson,4,7,5
Piotr Dumala,14,9,22
Aleksi Mäkelä,36,5,5
Danny DeVito,23,39,14
Gareth Edwards,7,13,14
Julian Gilbey,8,2,5
Tyler Perry,46,41,13
Eytan Fox,12,6,14
Stephen Elliott,1,0,0
Peter Atencio,27,4,4
Joe Berlinger,49,30,78
Ed Bianchi,40,6,2
Dave Willis,16,2,0
Jon Avnet,25,10,7
Nicholas Ray,31,5,2
Tom Shadyac,12,2,2
John Flynn,16,0,0
Harold Cronk,10,1,1
Amy Heckerling,19,2,3
Karey Kirkpatrick,3,7,2
Tim Heidecker,36,1,1
Justin Tipping,5,3,7
Clint Eastwood,40,162,148
David Cronenberg,42,67,69
Florian Henckel von Donnersmarck,7,12,59
Maximilian Erlenwein,4,4,2
Rajkumar Hirani,5,16,38
John Erman,66,12,5
Patrick Jean,6,1,1
Jim Sonzero,7,0,0
Clark Johnson,65,13,3
John Huston,47,66,40
Ronny Yu,21,7,4
Katt Shea,12,1,0
Robin Budd,7,1,2
Tom Vaughan,25,4,1
Agnieszka Wojtowicz-Vosloo,2,8,8
Gauri Shinde,4,8,3
Catherine Hardwicke,18,13,10
Mark DiSalle,2,0,0
Shinji Aramaki,15,2,0
Florent-Emilio Siri,9,1,2
Rob Cohen,26,3,1
Joshua Seftel,21,8,12
Jonathan Liebesman,9,3,2
Pa. Ranjith,4,2,1
Yorgos Lanthimos,11,63,38
Tate Taylor,10,18,14
James Melkonian,3,0,0
Simon West,20,2,2
James Gray,10,28,5
Kay Pollak,7,9,3
Vincent Gallo,10,15,7
John Simpson,1,0,0
Marina Sargenti,6,0,0
Dibakar Banerjee,8,3,1
Dylan Bank,10,2,2
Mort Nathan,4,6,3
Maggie Carey,24,2,2
Eric Blakeney,2,1,0
Ralph Fiennes,3,104,40
Glenn Gordon Caron,9,5,5
D.W. Griffith,519,4,4
Tadayoshi Yamamuro,1,0,0
Rod Lurie,19,2,4
Sergey Bondarchuk,13,4,9
Kurt Neumann,68,2,0
Bonnie Hunt,4,14,7
Ted Koland,1,0,0
Mark Griffiths,30,2,2
Melvin Van Peebles,17,11,11
Stuart Townsend,1,2,2
Richard Marquand,29,3,2
Michael Hofmann,4,3,2
Tom McGrath,9,11,3
Stephen Chbosky,4,20,8
Ang Lee,18,96,103
McG,40,1,2
Stephan Elliott,10,10,7
Chris Jaymes,12,4,4
Daniel Benmayor,4,1,0
Malcolm Mowbray,13,2,1
Peter Werner,96,8,1
John Terlesky,41,0,0
Chris Kentis,3,0,0
Jonathan Mostow,12,2,1
Michael Mann,22,36,21
Olly Blackburn,12,1,0
Oren Peli,2,2,1
John Gulager,7,1,1
Greg Harrison,2,2,0
Sebastian Gutierrez,9,5,1
Eleanor Coppola,9,3,1
Vic Armstrong,5,7,3
Eric Darnell,11,3,1
Tomas Alfredson,27,28,40
David Raynr,7,0,0
David Schwimmer,11,21,5
Trey Nelson,24,0,0
Vincent Pérez,1,0,0
Alex Rivera,5,7,5
Sean Penn,13,108,73
Lili Fini Zanuck,4,7,3
Robert Rodriguez,43,28,38
Stanley Tong,13,8,3
Simon Jaquemet,7,7,2
Cecil B. DeMille,80,6,15
Peter Hyams,24,7,1
John Boorman,31,37,27
Michael Lange,94,1,0
Stephen St. Leger,3,2,1
Kyle Balda,12,2,1
Rezo Gigineishvili,8,6,2
Troy Duffy,3,0,0
James B. Clark,37,3,3
Simon Curtis,22,17,4
Nick Ormerod,2,0,0
John Fortenberry,116,8,2
Joachim Trier,8,32,32
Sangyoon Lim,1,0,0
Rian Johnson,13,36,21
Tinto Brass,33,5,3
Scott Speer,23,0,0
Abe Sylvia,6,0,0
Scott Cooper,5,7,3
Gilbert Cates,35,18,8
Komkris Triwimol,1,0,0
Wesley Ruggles,83,2,2
Boris von Sychowski,4,0,0
Rick Famuyiwa,10,12,5
Colin Lowrey,43,3,6
Agnieszka Smoczynska,15,19,27
Andrew Adamson,8,22,8
Adam Wingard,21,16,6
Jean Cocteau,11,4,2
Vincent McEveety,79,1,1
Pupi Avati,51,48,25
Bill Muir,1,1,0
Thaddaeus Scheel,1,0,0
Joe Nussbaum,20,1,5
Mikkel Brænne Sandemose,5,0,0
Jon Lucas,4,2,3
Robert Stevenson,62,7,4
Dmitri Meskhiyev,1,0,0
Pavel Sanaev,6,1,0
Srđan Dragojević,11,3,14
Randall Wallace,5,5,6
Paul Schrader,23,26,23
Steve Trenbirth,7,0,0
Joel Gallen,98,21,6
Patty Jenkins,13,14,12
Lisa Cholodenko,16,44,18
Paul Auster,4,4,4
William A. Graham,124,4,1
Noel Marshall,1,0,0
Patrick Creadon,11,3,2
Charlie Levi,1,0,0
Mario Van Peebles,43,13,7
Patrick Tatopoulos,5,1,2
Šarūnas Bartas,13,21,11
Craig Gillespie,11,10,5
Diane English,2,11,6
Gad Elmaleh,2,1,1
Vincente Minnelli,40,19,7
Zeki Demirkubuz,13,12,38
Damien Dante Wayans,3,2,0
Tsai Ming-liang,33,55,57
Jun Lana,40,36,24
Alex van Warmerdam,11,52,21
Mona Lerche,1,3,0
Hideo Nakata,33,6,10
Harold Becker,20,2,2
Dany Boon,10,7,4
Nick Hurran,30,9,2
Jason Moore,1,0,0
John Sturges,44,14,6
Lynn Shelton,26,12,9
Frédéric Videau,3,1,1
Sergey Ginzburg,11,1,0
Jeff Broadstreet,9,0,0
Edward Burns,15,5,10
Mark Sandrich,77,1,1
Rupert Julian,60,0,0
George P. Cosmatos,11,2,1
Ben Gluck,5,1,1
Aleksey Mizgiryov,4,12,9
Michael Steinberg,6,6,2
Patricia Birch,9,4,2
Henry King,116,11,6
Stephen Carpenter,4,1,1
Alan Johnson,2,7,4
Jacques Audiard,12,66,56
Christopher Coppola,19,0,0
Billy Ray,4,29,2
David Seltzer,9,5,5
Steve James,26,43,35
Kevin Munroe,5,1,0
Alison Maclean,21,9,8
John Swanbeck,1,0,0
Sara Sugarman,8,6,6
Derrick Borte,6,2,0
Robert Moresco,8,9,20
Vincent Paronnaud,8,29,22
Sharmeen Obaid-Chinoy,10,10,20
Allan Dwan,407,2,2
Shekhar Kapur,15,8,10
Peter Landesman,3,7,1
Ralph Zondag,2,1,0
Luke Scott,12,1,1
Wayne Kramer,7,6,1
Stephen Hopkins,28,12,4
Eric Nicholas,2,0,0
Danny Steinmann,4,0,0
Steven Spielberg,58,200,190
Jimmy T. Murakami,24,3,3
Noah Baumbach,14,52,21
Alberto Rodríguez,11,35,29
Courtney Solomon,3,1,0
Yılmaz Güney,20,4,12
Kari Skogland,55,21,13
Eric Lavaine,11,0,0
Mike McCoy,3,1,1
Rich Moore,12,13,20
Maksim Pezhemskiy,14,1,1
Gregory Wilson,3,0,0
Konstantin Maksimov,3,1,0
John Moore,9,0,0
Ron Howard,43,75,39
Nacho Vigalondo,24,16,22
Andrzej Żuławski,15,8,10
Susan Stroman,2,2,2
Jessie Nelson,5,2,2
Julian Aymes,3,0,0
James Goldstone,60,2,1
Marco Berger,10,9,5
Todd Robinson,10,3,7
Rod Hardy,62,2,2
Joona Tena,18,2,1
Paul Gross,4,20,17
Anurag Kashyap,23,44,23
Johannes Roberts,14,0,0
Leonard Nimoy,12,18,13
Mike Cahill,7,9,5
Lee David Zlotoff,6,2,2
Mike Bigelow,1,0,0
Kevin Smith,30,24,14
Conor McMahon,10,2,2
Rohit Shetty,14,9,5
Theodore Melfi,8,15,6
Vicky Jenson,10,7,15
Peter Lord,16,24,19
Marcos Siega,48,5,3
Peter Hall,20,4,4
Alexander Payne,14,125,83
James McTeigue,10,3,0
Stig Bergqvist,13,2,10
Allan A. Goldstein,29,2,2
Sam Wanamaker,1,0,0
George Armitage,7,2,2
David McNally,5,0,0
Bob Fosse,8,11,14
Matt Dillon,3,25,22
Katherine Dieckmann,10,2,0
Barry Sonnenfeld,23,11,7
Elliot Greenebaum,1,4,4
David Yates,27,20,16
Duncan Tucker,2,5,7
Anthony Byrne,17,5,0
Ariel Vromen,7,2,2
Goldie Behl,4,1,0
Steve Hickner,6,1,1
Florian Gallenberger,9,7,12
Jaume Balagueró,16,13,40
Jack Heller,3,0,0
Bob Misiorowski,7,0,0
John G. Avildsen,29,7,5
Jean-Daniel Pollet,23,0,0
Daniel Sackheim,47,7,2
Callan Brunker,3,0,0
David Lowery,23,26,18
"""Sam OSteen""",8,6,6
Franco Zeffirelli,25,14,21
Aleksey Uchitel,12,24,16
John Newland,1,0,0
Dennis Iliadis,7,2,2
Subodh Bhave,1,1,0
Katie Aselton,2,0,0
Chad Hartigan,8,7,7
Deb Hagan,3,12,12
Ulrich Seidl,23,20,25
Ram Gopal Varma,63,19,10
Scandar Copti,9,4,13
Matt Johnson,3,21,7
Willard Huyck,4,4,4
Scott Ziehl,10,1,1
Asia Argento,17,14,16
Bruce Paltrow,14,11,11
Patrick Lussier,10,3,1
Joel Coen,25,296,138
Jackie Chan,18,48,40
Doug Atchison,3,3,3
David Soren,5,4,0
Joseph Ruben,16,3,4
Patrick Osborne,3,3,7
Philipp Stölzl,29,8,2
Renny Harlin,32,12,3
Jaco Van Dormael,17,13,28
Bruno Dumont,12,28,26
Joseph Henabery,208,0,0
Michael Walker,6,3,3
King Vidor,78,10,14
Erik Poppe,8,25,11
Maccio Capatonda,13,2,0
Dave Filoni,6,5,4
Chris Stokes,23,0,0
Mike Gabriel,3,4,4
Jayro Bustamante,4,11,14
Tom Holland,1,16,14
Gregory Jacobs,3,3,3
Tim Pope,64,0,0
Tom Shoval,5,6,2
Jon Gunn,6,4,19
Bertrand Tavernier,36,50,48
Annabel Jankel,12,2,2
Tomm Moore,5,17,19
Mohamed Khan,25,4,3
Bruce Robinson,6,3,6
Newt Arnold,3,1,1
William Riead,29,1,1
Zack Snyder,17,13,4
Marianna Palka,6,6,2
Jono Oliver,5,1,1
Rob Marshall,11,21,15
Carroll Ballard,12,4,4
Peter Jackson,21,134,137
Edward Berger,21,11,12
"""Gavin OConnor""",20,3,4
Michael Burke,3,1,7
Brian Horiuchi,1,0,0
John Stephenson,4,4,2
Ben Stassen,17,3,0
Eric Wirix,2,0,0
Paul Weiland,16,4,1
Nora Ephron,8,21,11
Alphonse Putharen,3,2,2
Phyllida Lloyd,4,3,2
Bille Woodruff,67,4,0
Dean Wright,1,8,2
Nick Love,9,3,0
Lana Wachowski,12,23,12
Bob Saget,11,2,1
Nancy Meyers,7,5,7
John Murlowski,25,0,0
Stephen King,1,8,7
Herschell Gordon Lewis,38,1,2
Jeff Schaffer,8,15,7
Raja Gosnell,12,0,0
Stuart Paton,66,0,0
Richard Thorpe,186,4,1
Liu Chia-Liang,26,2,5
Francis Ford Coppola,35,53,52
Nathan Frankowski,8,1,6
Justin Paul Miller,4,1,1
Zoya Akhtar,7,4,6
Sanaa Hamri,47,5,0
Mohit Suri,12,1,0
Nick Murphy ,18,4,8
Ciaran Foy,10,5,11
Isaac Florentine,28,1,0
Russell Holt,7,0,0
Jay Oliva,18,0,0
Fiorella Infascelli,11,4,1
Richard Raymond,4,1,6
Andy Fickman,21,2,1
James Lapine,8,2,1
Richard Linklater,29,145,111
Michael Tuchner,46,3,1
Brett Ratner,54,6,8
F.W. Murnau,21,3,3
Rupert Wyatt,11,7,2
Jon M. Chu,22,1,0
John Hughes,8,2,1
Patricia Cardoso,14,1,8
Rolf de Heer,20,49,41
Seth Gordon,22,1,3
Zak Levitt,5,1,1
Stephen Gaghan,6,18,12
Matt Reeves,13,8,2
Daniel Stamm,9,2,2
Tim Burton,38,72,23
Fede Alvarez,10,6,1
Eric Schaeffer,13,8,8
Christian E. Christiansen,15,10,1
Matt Dorff,1,0,0
Sam Levinson,2,5,1
Patrick Keiller,7,1,1
Olivier Megaton,22,2,2
Ruggero Deodato,35,1,0
Michael Herz,9,5,1
Eric Toledano,11,26,17
Shane Meadows,18,26,28
Cheol-hie Park,1,1,1
Joseph Anthony,9,1,1
Mennan Yapo,3,1,2
Aaron Hann,2,1,0
Wayne Beach,1,0,0
Zach Cregger,3,1,0
Charles Crichton,51,9,8
François Ozon,41,79,30
Howard Hawks,47,8,5
Michael Davis,7,3,3
Lal,1,0,0
Frank Pierson,19,17,19
Stuart McDonald,30,2,11
Fred Dekker,4,2,2
Neill Fearnley,75,9,2
Ivan Engler,2,2,1
Ron Shelton,11,2,7
Peter Farrelly,20,4,19
Matt Williams,3,10,7
Takashi Miike,103,49,32
Ray Lawrence,3,8,17
Cameron Crowe,16,44,21
Peter Segal,27,1,0
Kimberly Peirce,16,13,15
Sue Corcoran,3,0,0
Seth MacFarlane,12,57,23
Gary McKendry,2,6,6
Rachid Bouchareb,20,19,39
Scott Derrickson,9,5,1
Jill Culton,3,1,0
John Frankenheimer,52,40,20
K. S. Ravikumar,27,2,5
Joe Menendez,38,1,2
John Irvin,44,6,5
AJ Kparr,1,0,0
Angelina Jolie,6,111,56
Tony Gatlif,22,10,20
Wil Shriner,16,2,0
Jim Abrahams,11,2,4
Donald Petrie,37,3,2
Dennis Dugan,38,4,1
Chris McKay,11,15,6
Frank Whaley,5,4,5
Tom DiCillo,17,8,15
Mary Harron,26,10,5
John Erick Dowdle,9,3,1
Laurie Collyer,6,10,8
Lena Dunham,13,39,10
Rod Daniel,1,0,0
Dick Clement,16,15,9
Floria Sigismondi,80,3,0
Friðrik Þór Friðriksson,22,12,24
Nelson McCormick,60,1,0
Fernando León de Aranoa,13,29,48
Mike Binder,15,1,2
Courtney Hunt,5,17,16
Jay Lowi,5,1,7
Dan Trachtenberg,6,4,1
Hamilton Luske,33,7,5
Kodi Rama Krishna,86,1,0
Martin Prakkat,3,2,2
David S. Ward,6,10,3
Lance Rivera,5,0,0
Alan Parker,23,30,23
Alfonso Aráu,13,8,13
Whit Stillman,7,25,11
Brian A Miller,10,1,1
David Michôd,12,16,21
Alessandro Genovesi,6,2,1
Oktay Ortabasi,5,1,1
Ben van Lieshout,11,2,11
Kevin Tenney,16,2,2
John Carl Buechler,19,5,3
Michael Wadleigh,4,2,2
Don Michael Paul,17,0,0
Mike Hodges,26,5,4
André De Toth,44,3,3
Abrid Shine,3,1,1
Wallace Worsley,29,0,0
Burr Steers,9,6,2
Miloš Forman,20,25,46
Larry Charles,15,23,4
Dmitriy Kiselev,9,2,1
Renny Rye,29,1,1
David Zucker,14,2,4
Penny Marshall,15,6,18
Roar Uthaug,12,5,1
Léa Pool,20,32,20
Gautham Vasudev Menon,19,5,2
Zhang Meng,1,0,0
Vadim Perelman,7,10,5
Paul Maslansky,1,2,1
Dario Argento,25,5,11
Yukihiko Tsutsumi,76,4,4
Angel Gracia,5,1,1
John Pasquin,44,4,3
Homi Adajania,6,2,1
Jack Nicholson,4,104,87
Nalan Kumarasamy,3,1,1
Andrea Arnold,12,29,61
Nick Park,8,30,58
Karen Moncrieff,11,6,4
Evgeniy Bedarev,5,0,0
Louis C.K.,24,85,26
Franc. Reyes,4,1,1
Jack Smight,66,3,1
Kelly Makin,50,16,5
Robert Iscove,63,6,3
Rudolf van den Berg,17,4,8
Nick Hamm,19,3,3
Michael Ritchie,38,4,2
Arie Posin,3,1,2
Norman Jewison,44,25,35
Marco Brambilla,8,0,0
Catherine Jelski,4,1,1
Danny Pang,20,15,5
Alberto Lattuada,40,10,15
Paul Mazursky,19,27,22
Ning Hao,9,14,11
Akiva Goldsman,7,17,9
Nagaoka Hisaaki,9,0,0
Arnaud Desplechin,13,45,16
James Foley,32,6,1
Santiago Segura,11,3,8
Mansoor Khan,5,7,3
Dwain Esper,12,0,0
Ganesh Raj,4,0,0
Howard McCain,5,5,1
Rod Holcomb,82,6,2
Matt Ross,6,13,9
Apoorva Lakhia,8,0,0
Eddie Murphy,1,73,33
Marc Lawrence,8,0,0
Matthijs van Heijningen Jr.,9,2,0
Vikram Kumar,1,0,0
Vincent Ward,8,15,10
Charles Martin Smith,17,13,4
Alex Kendrick,6,6,6
Goro Miyazaki,3,2,2
Max Giwa,19,0,0
Cary Fukunaga,10,27,25
Wych Kaosayananda,9,0,0
Patrick Stettner,4,4,5
Jim Hanon,9,3,3
Aleksei Sidorov,4,1,1
Douglas McGrath,1,0,0
Gregory Nava,11,5,8
William Malone,18,3,1
Patrick Read Johnson,7,1,1
Richard Kelly,5,9,8
Jacques Tourneur,75,1,0
David Evans,31,7,3
Charlie Chaplin,72,7,21
Lisanne Pajot,2,5,2
Anthony Hopkins,3,63,50
Xavier Beauvois,10,30,17
Rebecca Miller,7,11,9
Adrian Lyne,12,4,6
Jim Fall,12,1,2
Rodrigo García,30,12,13
Jalil Lespert,10,1,7
Troy Byer,4,1,0
Paul Bartel,14,0,0
Brett Leonard,23,2,1
Shawn Levy,41,11,5
Tommy Lee Jones,4,90,43
Sekhar Kammula,8,2,0
Bryan Tucker,1,0,0
Lee Daniels,7,28,32
Richard C. Sarafian,62,1,0
John Cassavetes,16,21,15
Joe Carnahan,13,3,4
Paul Brickman,3,1,1
Kevin Reynolds,12,5,3
Mark Waters,20,6,1
Christopher Smith,1,0,0
Collin Schiffli,8,1,7
Eduardo Mignogna,13,15,15
Allan Arkush,74,10,2
Colin Higgins,3,4,1
Mervyn LeRoy,78,14,6
Robert B. Weide,12,18,8
Robert Schwentke,12,4,11
Harald Zwart,17,1,2
Kelsey T. Howard,2,0,0
G.W. Pabst,39,4,4
Stephen Kijak,10,4,7
Sean McNamara,65,12,13
George Roy Hill,19,10,7
Albert Brooks,8,34,29
Terry Zwigoff,8,26,16
Joe Swanberg,31,14,1
"""Dan OBannon""",3,8,4
Jonathan Caouette,10,10,8
Xavier Dolan,10,99,72
Arch Oboler,11,1,1
Don Medford,77,0,0
Frederik Du Chau,5,0,0
Anton Corbijn,103,16,17
Russell Crowe,5,74,36
Jessica Bendinger,1,0,0
Nathan H. Juran,38,3,2
Susan Montford,1,0,0
Simon Wincer,49,4,4
Jerry Lewis,24,16,17
Billy Wilder,27,61,50
Robert Resnikoff,2,0,0
"""Damien ODonnell""",9,13,25
Reinert Kiil,12,8,1
Charles T. Kanganis,15,0,0
Joel Bergvall,3,2,8
Bennett Miller,9,24,17
Tim Story,26,6,0
Vidhu Vinod Chopra,10,18,20
Corneliu Porumboiu,13,40,27
Nikolaj Arcel,6,29,14
Brad Peyton,17,3,0
Patrick Alessandrin,7,0,0
Robert Wuhl,3,5,2
David Lean,19,33,30
Irvin Kershner,32,3,6
"""John OHagan""",2,2,2
Antonio Banderas,3,41,41
Richard Wallace,63,1,1
Alex Cox,22,8,4
Haile Gerima,12,5,11
Michael G. Bartlett,4,0,0
Martha Coolidge,52,10,8
Jonathan Nossiter,9,5,4
John A. Davis,1,0,0
Paul Flaherty,11,19,5
Wes Ball,6,2,2
Bernardo Bertolucci,25,34,49
Mora Stephens,5,1,2
Tony Mitchell,17,1,1
Eric Werthman,2,0,0
Ignas Jonynas,5,4,1
John Fawcett,46,11,12
Liz Friedlander,62,0,0
