actorName,actorMovieCount,actorAwardNominations,actorAwardWins
Nam Sang-mi,19,1,1
De'Adre Aziza,27,1,0
Jay Hernandez,48,4,0
Selena Khoo,8,0,0
Joseph Kaufmann,9,0,0
Vladimir Svirskiy,10,1,1
Robert Lowery,184,0,0
Marguerite Sundberg,7,0,0
Hal Hopper,32,0,0
Margarete Tiesel,44,1,1
Anna Cropper,100,0,0
Gene Wilder,37,10,7
James Benning,5,2,2
Dan Dailey,66,2,2
Monty Bane,38,0,0
Ariana Richards,28,5,4
Sayed Badreya,62,2,5
Fiona Perry,18,0,0
Master P,48,1,1
Abi Van Andel,14,0,0
Morgan Williams,3,0,0
Richard Anthony Crenna,21,0,0
Jane Elizabeth Barry,12,1,0
Grant Rosenmeyer,34,1,0
Sho Kosugi,19,0,0
Melora Walters,98,3,5
Barbra Streisand,24,46,44
Laurie Main,102,0,0
Kellita Smith,50,7,0
Peter Sallis,155,1,1
Michael Nyqvist,94,7,6
Anne-Marie Cadieux,48,4,1
Tomio Aoki,140,1,1
Sandra Samos,10,0,0
Lika Kavjaradze,26,0,0
Angéla Stefanovics,27,1,1
Vijay Deverakonda,17,2,2
Ginger Baker,2,0,0
Björn Bengtsson,45,0,0
Allison Anders,2,9,8
Ravshana Kurkova,33,1,0
Nick Nolte,102,37,14
Maj-Britt Nilsson,29,0,0
Alan Ladd,100,1,6
Ken'ichi Endô,230,0,0
Audrey Hamm,21,0,0
Charles Herbert,67,0,0
Ty Hickson,6,0,0
Ben Weber,32,0,0
Skye Bennett,24,1,1
Ushangi Chkheidze,3,1,1
Richie Andrusco,2,0,0
Álex González,28,4,1
Miranda July,11,16,25
Bujtor István,116,0,0
Boyan Milushev,7,0,0
Wu Chun,1,0,0
Valentina Cervi,55,4,2
Rodrigo Perdigão,4,2,0
Edvin Laine,35,3,4
Pablo Picasso,2,0,0
Devon Terrell,4,0,0
Bill Farmer,192,9,7
Andie MacDowell,68,9,10
Katharine Hepburn,53,40,28
Jakub Špalek,7,0,0
Jakub Gierszał,22,2,2
Nirup Bhandari,2,0,0
Brice Kennedy,10,0,0
Goro Abashiri,1,0,0
Michael Jordan,45,40,23
Jack Fjeldstad,58,1,1
Lambert Wilson,124,10,2
Emmanuelle Devos,83,13,10
Paul de Leeuw,19,3,3
Henri Garcin,123,0,0
Ethel Waters,29,2,1
Jessica Hahn,8,0,0
Flora Robson,69,3,3
Paul Cowderoy,1,0,0
Matt LeBlanc,32,31,6
Jacques Dutronc,44,3,3
Laurence Naismith,116,0,0
Mary Vivian Pearce,17,0,0
Carlo Ljubek,50,0,0
Joe Berlinger,3,30,78
Riisa Naka,60,4,4
Daria Nicolodi,37,2,1
Orlando Jones,69,4,0
M. Night Shyamalan,10,39,16
Rita-Maria Nowotny,6,0,0
Jimmy Hunt,40,0,0
Doran Godwin,20,0,0
Sheri Moon Zombie,17,1,3
Lukas Schwarz Thorsteinsson,7,0,0
Mike Colter,36,6,0
Matthew Miller,339,26,11
Jon Pertwee,71,0,0
Gastón Pauls,76,3,3
Michelle Jenner,49,11,10
Issei Miyazaki,17,0,0
Brian Robertson,2,2,1
Inka Haapamäki,1,0,0
Arnold Schwarzenegger,71,37,25
Sean Cameron Michael,88,1,4
Ruth Cracknell,42,2,4
Roman Madyanov,98,3,8
Diane Franklin,38,0,0
Abbie Cornish,39,24,14
Dmitro Milyutenko,30,2,2
Josie Ayers,4,0,0
Sophie Nélisse,19,4,7
Pat Healy,107,2,6
Brendan Michael Coughlin,16,0,0
Robert Lyons,105,0,0
Bruce Newbold,41,0,0
Vsevolod Sanayev,73,2,2
Emma Bolger,6,7,2
Christopher Gorham,53,3,1
Tim Haars,25,6,6
Miranda Rhyne,6,2,2
Olavi Uusivirta,18,0,0
Lorie Pester,11,0,0
Amy Acker,51,5,4
Armando Espitia,13,0,0
Hannah Herzsprung,55,6,13
Patty McCormack,151,2,2
Yuri Nakamura,87,0,0
Judy Reyes,67,13,3
Mai Zetterling,61,5,3
Gabriel Diani,17,4,7
Edward Akrout,31,0,0
Luke Goss,56,3,1
Brooke Kinsella,27,0,0
Paul Scofield,41,13,12
Ryan Daugherty,1,0,0
DMX,32,9,1
Howie Mandel,64,8,3
Gayle Wells,4,0,0
Paul Hamy,28,3,1
Cathy Podewell,13,1,0
Zachary Soetenga,9,0,0
Juli Básti,55,1,1
Sydne Rome,58,0,0
Arseniy Bibikov,19,0,0
Mary McDonnell,52,13,6
Gregori Baquet,27,0,0
Tom Skerritt,168,11,7
Sergio Corrieri,11,1,1
August Diehl,56,9,11
Zach Galifianakis,72,37,22
Marlies Heuer,29,0,0
Drake Bell,103,3,9
Kirk Jones,83,0,0
Nichole Hiltz,46,0,0
Juhan Ulfsak,33,0,0
Lanny Ross,8,0,0
Marshall Grauer,1,0,0
Ira von Fürstenberg,30,1,1
Michael Stephenson,8,1,2
Hiroaki Iwanaga,37,0,0
Beau Mirchoff,32,1,1
Eric Freeman,6,0,0
Brendan Patricks,40,0,0
J. Andrew Keitch,2,0,0
Sean Maher,40,1,0
Nick Blood,24,0,0
Georgi Burkov,105,1,1
Lex Marinos,35,0,0
Kristen Bell,94,39,12
Yōko Honna,28,0,0
Sophie Linfield,30,0,0
Kôji Moritsugu,59,0,0
Morgan McClellan,8,0,0
Johannes Grenzfurthner,15,15,28
Maria Bonnevie,31,6,6
Tory Kittles,40,1,1
Eddie Vedder,12,18,1
Danny Gutierrez,4,0,0
Chevy Chase,94,9,11
Kurt Krömer,14,1,2
Charles George Hildebrandt,1,0,0
Leon Schuster,20,0,0
David Chiang,139,2,2
Sergey Puskepalis,24,8,9
J. Stuart Blackton,31,0,0
Robert Elston,10,0,0
Omar Chaparro,36,0,0
Hannah Cagwin,1,0,0
Tom Sturridge,23,0,0
Common,62,47,18
Sandra Louise Douglas,1,0,0
Christy Turlington,3,0,0
Cesare Danova,113,0,0
Chuck Connors,135,2,2
Alex Michaeletos,1,0,0
Park Han-byul,1,0,0
Cheryl Dunye,7,5,9
Lyle Alzado,27,0,0
Nigel Davenport,129,0,0
Elke Sommer,102,7,2
Henry Cavill,24,12,2
Harley Venton,38,0,0
Semyon Farada,68,1,1
Sofia Georgovassili,8,2,2
Pete Penuel,11,0,0
Aki Avni,39,1,1
Bernhard Bettermann,63,1,0
Golshifteh Farahani,42,8,5
Linda Miller,29,0,0
Kirsten Prout,41,0,0
Lyudmila Saveleva,20,1,1
Louise Linton,19,0,0
Norman Kerry,66,1,1
Silvia Monfort,33,0,0
Uwe Bohm,110,2,2
Kirk Cameron,40,8,11
Kim Min-hee,25,11,11
Matthew Daddario,10,6,3
Kenny Rogers,24,5,4
Allen Wagner,1,0,0
Miki Nakatani,64,6,6
Moon Geun-Young,17,4,6
John Malkovich,115,43,27
Seth MacFarlane,55,57,23
Frederick Stafford,17,0,0
Lothaire Bluteau,56,2,2
Chuck Sklar,10,5,1
Mikhail Skryabin,3,1,0
Ann Dusenberry,47,0,0
Lynn Whitfield,100,16,10
Matthew Currie Holmes,40,13,12
Rachel Keller,10,0,0
John Turturro,107,32,20
Tihana Lazović,18,2,2
Johanna Wokalek,24,7,6
Dieter Hallervorden,91,1,10
Emanuele Bosi,18,1,1
Sergi López,87,22,18
Tatsuya Nakadai,159,3,7
Delphine Schiltz,3,0,0
Eric Bossick,13,0,0
Christian Slater,124,18,8
Jason Flemyng,128,4,0
Kane Kosugi,31,0,0
Chris William Martin,78,2,1
Roberto Sosa,144,5,8
V.I. Lenin,1,0,0
Emmanuelle Chriqui,81,9,1
Demetri Martin,23,2,3
Chelsea Hobbs,39,1,0
Kellie Martin,88,7,7
Albert Brooks,39,34,29
Tate Donovan,108,12,5
Shane Van Dyke,12,0,0
Kelen Coleman,49,0,0
Virna Lisi,116,7,23
Thomas Ian Nicholas,63,4,6
Éric Caravaca,74,5,2
Perla Haney-Jardine,10,4,0
Fatoumata Coulibaly,6,1,2
Shawn Phelan,16,0,0
Rebecca Smith,1,0,0
Jill Wagner,22,0,0
Farley Granger,85,1,1
John Phillip Law,85,2,1
Dolph Lundgren,89,3,3
Usher Raymond,59,48,13
Gaël Morel,7,3,2
Lin Kun-huei,1,0,0
Mina Adamaki,21,0,0
Drew Struzan,2,1,2
Shirley Stoler,41,0,0
Lauren Cohan,32,3,0
Richard Kiel,78,1,0
Alexandra Lencastre,78,6,7
Aharon Traitel,1,1,1
Anatole Taubman,107,1,0
Michael Nathanson,34,0,0
Tauno Palo,85,3,3
François Truffaut,16,27,34
Iris Ponkina,1,0,0
Amanda Pilke,9,3,3
Nihat Alptuğ Altınkaya,11,0,0
Stian Smestad,1,1,0
Julia Migenes,18,2,2
Alex House,43,1,1
Lohanan Teerapat,2,0,0
Cam Clarke,383,3,1
Johanna Braddy,55,2,2
Rick Okon,51,4,2
Isabella Calthorpe,9,0,0
Martha Higareda,51,3,4
Jens Albinus,45,2,2
Rami Doueiri,2,0,0
Hugh O'Brian,114,3,3
Brad Hunt,45,1,1
George Gaynes,89,1,0
Aki Asakura,32,0,0
Habbas Alijome,1,0,0
Lena Kostyuk,1,1,1
Christian Camargo,53,3,3
Lara Wendel,29,0,0
Alexei Dolinin,6,0,0
Hashizo Okawa,66,0,0
Steven Vidler,60,2,1
Jonathan Velasquez,4,0,0
Alesandra Durham,12,0,0
Bharat Jadhav,74,0,0
Bridey Elliott,29,3,2
Bert Sotlar,56,0,0
Chris Riggi,34,0,0
K.C. Clyde,52,0,0
Paul Gunning,10,0,0
Alexa PenaVega,91,12,4
Ingolf Lück,48,1,1
Charles Lane,370,1,1
Mohammad Bakri,57,5,4
Dylan Bruce,24,0,0
Hidetoshi Nishijima,93,3,3
Hallee Hirsh,59,5,2
Yekaterina Golubeva,29,0,0
John Smihula,6,0,0
Hedy Burress,69,1,0
Lauren Walsh,11,0,0
George McCann,1,0,0
Taavi Eelmaa,31,0,0
Bella Thorne,80,23,7
D.J. Mendel,14,0,0
Lady Tabares,1,3,3
Maria Bello,66,21,20
Leehom Wang,25,2,1
Eddie Marsan,119,20,9
Tony Curtis,130,20,20
Claus Nissen,74,0,0
Nicola Posener,50,1,1
Aleksandr Yatsenko,38,7,10
Cortney Palm,56,2,0
Mehcad Brooks,31,5,2
April Telek,119,5,2
Malcolm Stoddard,51,1,0
Malte Aronsson,9,0,0
Doris Day,43,23,26
Georgina Verbaan,64,3,4
Olivia Tykocki,3,0,0
Claude Perron,51,0,0
Jordi Vilches,47,3,1
Heather Sears,27,2,2
Robert Wuhl,41,5,2
Glory Annen,12,0,0
Mircea Postelnicu,4,0,0
Riccardo Leonelli,10,0,0
Maro Kodou,75,0,0
Kelly Overton,41,3,3
Marlon Wayans,40,17,5
Belinda Carlisle,14,0,0
Brendan Mackey,19,0,0
Steve Zissis,34,0,0
Darren Criss,37,18,7
Margherita Buy,73,22,42
Akira Yamauchi,63,0,0
Mélanie Laurent,44,29,19
Jeff Bennett,514,28,6
Tony Ramos,83,33,31
Nick Nemeth,41,0,0
Elsbeth Sigmund,3,0,0
Ana Ofelia Murguía,98,11,8
Blythe Danner,111,23,8
Max Records,8,6,2
Chantal Contouri,36,1,1
Erika Sawajiri,31,2,4
Pyotr Mamonov,15,3,4
Dragoș Bucur,49,6,6
Megumi Ogata,122,0,0
Lauren Holly,97,14,4
Madhabi Mukherjee,84,0,0
Mary Margaret O'Hara,12,0,0
Jody Daniels,7,0,0
Bolot Beyshenaliev,57,0,0
Eugen Klöpfer,86,0,0
Peter Simonischek,76,10,9
Douglas Smith,53,1,2
Noée Abita,6,0,0
Larisa Luzhina,65,1,1
Lucas Belvaux,46,26,10
Sarah Thompson,37,0,0
Daisy Lowe,10,1,1
Lee Sun-kyun,1,0,0
Sven Nykvist,3,17,18
Claudia Galli,33,0,0
Dimitris Horn,10,2,2
Mo Rocca,13,4,4
Gemma Jones,113,6,4
Jason Miller,27,2,1
Katharina Cohen,19,0,0
John Barrett,155,0,0
Eliza Dushku,64,7,0
Kim Richards,55,2,0
Josh Hartnett,46,17,3
Frank González,1,0,0
Akashi Takei,14,0,0
Teng Shen,11,0,0
Nicole Alonso,4,0,0
Peyton List,44,1,1
Tatsuya Yamaguchi,14,0,0
Lars Söderdahl,5,0,0
Sumeet Raghvan,20,2,0
Beatriz Batarda,47,9,10
Michael Emil,16,0,0
Cynthia Stevenson,71,1,2
Michaël Abiteboul,94,0,0
Claudio Undari,47,0,0
Roger Waters,5,4,1
Zsolt Anger,59,2,2
Valentina Lodovini,49,7,6
Sotiria Leonardou,11,1,1
Alan Ford,102,0,0
Khalid Abdalla,20,0,0
Isabelle Corey,16,0,0
Maila Nurmi,20,2,2
Ben Tibber,7,3,3
Emma Bell,39,2,1
Eileen April Boylan,27,1,0
Marc Price,18,1,1
Marisa Mell,68,0,0
Ken Swofford,125,0,0
Im Chang-Jung,26,1,0
Aya Matsuura,10,0,0
John Livingston,46,0,0
Malena Doria,52,1,0
Yuriy Tsurilo,68,3,0
John White,49,0,0
Isis Valverde,15,10,3
Hayato Ichihara,50,1,1
Bruce Chadwick,1,0,0
NIck Pawlow,1,0,0
Ron Barnhart,1,0,0
Žarko Laušević,58,1,1
Cora Miao,23,7,1
Lior Ashkenazi,57,4,6
Charity Farrell,13,1,1
Benjamin Hendrickson,17,9,1
Brian J. White,83,0,0
Wunmi Mosaku,48,3,1
Hilda Borgström,82,0,0
Alberto Laiseca,1,0,0
Peter Benson,134,7,3
Joonas Makkonen,29,2,3
Gabino Rodríguez,46,4,3
Dan Stulbach,32,8,8
Felipe Izquierdo,12,0,0
Robbie Daymond ,184,13,4
Patricia Clarkson,94,37,26
Neil Maskell,101,5,0
David McCullough,2,0,0
Richard Schaal,53,0,0
Mishel Manoku,1,1,1
Susana Pampin,32,2,1
Aida Mohammadkhani,4,0,0
Todd Jensen,65,0,0
Chris Johnson,41,0,0
Noriko Eguchi,94,0,0
Adam Mediano,2,0,0
Vera Zorina,9,0,0
Adrián Lastra,31,1,1
Didier Bourdon,59,3,3
Marina Foïs,70,8,2
Chuck Barris,1,1,1
Paul Johansson,72,1,1
Nico Tarielashvili,2,0,0
Dan Ewing,20,2,0
Paul Carafotes,43,1,1
Martin Buch,45,5,2
Kurt Kuenne,1,2,12
Jorge Lendeborg Jr.,8,0,0
Josef Köstlinger,1,0,0
Kenneth Cranham,182,0,0
Wandjuk Marika,5,0,0
Fiona Gubelmann,68,0,0
Sandra Nováková,43,0,0
Matt O'Leary,46,6,1
Valerio Di Benedetto,14,0,0
Tyne Daly,104,29,16
Perry King,98,3,8
Kim Johnston Ulrich,66,1,0
Betsy Palmer,61,1,1
Dorothy Dandridge,36,4,2
Ashley Barnett,2,0,0
Lee Moon-Su,3,0,0
Nikohl Boosheri,19,5,5
Pyotr Glebov,48,2,2
Jodi Benson,72,3,0
Phoebe Cates,19,0,0
Holly Aird,46,1,0
Anna Wintour,2,0,0
Bhaskar Roy Chowdhury,7,0,0
Christina Turley,1,0,0
John Stinson,13,0,0
Fernando Tejero,45,9,8
David Edwin Knight,2,0,0
Jean Glaudé,13,0,0
Tatsuo Matsumura,87,1,0
Jackie Debatin,97,0,0
Eiko Yamada,66,0,0
Mary Beth Hughes,102,0,0
Jerry Stiller,113,6,5
PJ McCabe,14,0,0
Karen Gillan,53,17,7
Renato Aragão,58,1,4
Julia Montgomery,36,0,0
Dan Haggerty,62,1,2
Ja Rule,40,7,0
Liz Renay,28,0,0
Oprah Winfrey,33,83,52
Kathryn Beck,33,1,1
Reiko Tokunaga,3,0,0
Paul Pena,2,0,0
Fabrice Rodriguez,20,0,0
Robert Gustafsson,60,2,3
Olivia Alaina May,31,0,0
Chiwa Saito,181,0,0
Bill Moseley,121,2,3
Manuel Rubey,47,5,0
Simon Bird,12,2,2
William S. Hart,75,2,2
Kolya Spiridonov,12,1,1
Kristo Ferkic,22,0,0
Alicia Witt,82,4,3
Mala Sinha,122,4,2
Béatrice Bonifassi,1,0,0
Stuart Whitman,188,3,4
Gary Piquer,43,2,2
Catherine O'Hara,101,28,15
Marco Antonio Aguirre,38,0,0
Coco Jack Gillies,13,1,1
Chandler Riggs,10,4,4
Mark Kelly,82,0,0
Tony Brownrigg,12,1,1
Michael Caine,170,65,38
Gloria Guida,32,1,1
Nermina Lukač,2,5,5
Ryôhei Uchida,142,0,0
Efthymis Papadimitriou,39,3,2
Jacqueline Obradors,55,3,0
T'Nia Miller,22,0,0
Eric Campbell,12,0,0
Vivian Wu,70,3,0
Chris Waitt,8,4,4
John Paul Tremblay,27,9,2
Martin Bahne,22,1,0
Alyssa Kay,8,0,0
Tatsuo Umemiya,193,0,0
John Lithgow,114,51,28
Vic Savage,2,0,0
Leif Erickson,149,2,2
Bobby Deol,46,1,1
Cyrille Thouvenin,45,1,0
Larry Fessenden,100,9,8
Deborah Secco,47,13,8
Aleksei Ananishnov,3,0,0
Leila Hatami,37,5,6
Brian Robbins,26,7,4
Pom Klementieff,31,0,0
Robert Horton,55,0,0
Miguel Ángel Solá,97,9,14
Eddie Holden,10,0,0
Olga Gromova,1,0,0
Senad Bašić,49,0,0
Steven Bone,2,0,0
Cam'ron,14,1,0
Marino Masé,107,0,0
John Oliver,24,36,22
Jitka Novákova,15,0,0
Bruce Greenwood,148,20,7
Peter Palmer,38,0,0
Daniel Quinn,61,0,0
Michele Placido,124,32,29
Zoë Mannhard,4,0,0
Jason Presson,20,1,0
Victor Alfieri,44,0,0
Sergey Koltakov,40,2,0
Fritzi Haberlandt,39,1,6
Kirsten Storms,28,5,2
Debbie Doebereiner,2,0,0
Jeannie Epper,29,1,3
Kim Nam-gil,20,2,1
Dmitriy Dyuzhev,50,8,3
Paco Martínez Soria,36,2,2
Huub Stapel,109,1,3
Mary Kohnert,11,0,0
Lou Ferrigno,65,3,1
Yūrei Yanagi,72,0,0
Toshihiko Seki,222,0,0
Patrick McVey,107,0,0
Corey Sevier,83,11,5
Éva Szerencsi,27,0,0
Judah Bellamy,5,0,0
Nadine Velazquez,52,7,1
Adrian Holmes,137,2,2
Jason Behr,28,4,1
Samuel Shipway,5,0,0
Kostas Nikouli,8,1,0
Marcin Kowalczyk,10,1,2
Yang Kuei-Mei,52,5,7
Kenji Sahara,98,0,0
Arthur Agee,6,0,0
Moritz von Zeddelmann,19,0,0
Bruno Todeschini,139,3,1
Peter Coyote,160,3,6
Maciej Stuhr,54,7,1
May Heatherly,53,0,0
Charles Kayser,1,0,0
Luiz Fernando Guimarães,39,3,4
Jean-Luc Couchard,68,1,0
Guinevere Turner,56,5,3
Brianne Siddall,167,0,0
Robert Byrd,1,0,0
Miriam Makeba,3,1,1
Cory McAbee,14,2,4
Mao Inoue,39,1,2
Krista Allen,107,1,2
Beste Bereket,13,1,1
Chen Bolin,50,1,4
András Kozák,119,0,0
Stephen Lynch,3,0,0
Sadie Frost,54,1,0
Clare Higgins,73,1,0
Lionel Abelanski,126,1,0
David Caruso,45,5,1
Ulrich Noethen,107,15,13
Anna Walton,18,1,3
Aleksey Petrenko,81,1,3
Margaret Rutherford,57,4,4
Swoosie Kurtz,94,15,3
Artùr Somlay,73,0,0
Ross Noble,7,0,0
G.B. Jones,4,1,1
Linh Đan Phạm,30,1,1
Joonas Bragge,3,0,0
Tilda Swinton,81,152,64
Amr Waked,44,1,9
Michael Herbig,30,12,23
Richard Kiley,136,8,9
Naomi Velissariou,6,1,0
Alexis Knapp,24,1,1
Chris Salvatore,18,1,1
Michael Bryant,68,3,0
Donnie Yen,76,18,17
Melanie Lynskey,76,16,7
Natalie Portman,63,131,84
Don Backy,25,0,0
Bruce Lee,32,2,2
Ron Ely,40,1,1
Nils Jørgen Kaalstad,37,2,0
Tom Green,33,8,11
Marita Breuer,57,2,2
Lynn Collins,46,2,0
Lilly-Fleur Pointeaux,42,0,0
Ertan Šaban,26,0,0
Rita Josa,1,0,0
Behrouz Vossoughi,72,0,0
Nova Pilbeam,16,0,0
Justin Long,91,8,3
Paul Walker,42,11,7
Eric Edelstein,90,2,0
Gong Yoo,19,9,3
Harlan Ellison,8,1,9
David Cubitt,68,3,2
Amy E Watson,8,0,0
Mae Clarke,123,0,0
Katie Chang,12,0,0
Henry Morgan,165,12,4
Neil Morrissey,89,1,0
Daniel Franzese,50,1,0
Gérard Philipe,36,2,2
Ernie Allo,1,0,0
John Pinette,25,1,1
Julia Jentsch,43,7,11
Jean Yanne,100,3,2
Chaz Bono,14,2,2
Beren Saat,11,1,0
Josef Hader,38,14,6
Clotilde Courau,49,4,5
Marilyn Monroe,33,11,8
Yeong-il Oh,32,0,0
Agyness Deyn,15,2,0
Szabolcs Hajdu,22,10,20
Valentinas Masalskis,28,1,1
Mirja Mane,5,0,0
Duobuji,9,3,1
Hilary Duff,72,27,19
Natar Ungalaaq,14,5,5
Martin Landau,175,24,30
Esa Saario,54,0,0
Robin Tunney,50,4,3
Scarlett Johansson,64,140,43
Edie Sedgwick,17,0,0
N.N. Pillai,4,0,0
Anna Kovalchuk,13,2,0
Anne Bancroft,86,39,15
Robert Lamoureux,41,0,0
Walter Slezak,96,0,0
Katharina Meinecke,44,0,0
Jesus Nebot,30,3,4
John Terlesky,43,0,0
Marie Denarnaud,68,0,0
Andrew Dice Clay,39,4,1
Stephen Graham,98,7,5
Stacey Asaro,4,0,0
Eitan Anshel,4,0,0
Spencer Locke,43,1,0
Amanda Detmer,58,0,0
Micky Flanagan,2,1,0
Sean Penn,66,108,73
Cameron Bender,51,0,0
Yerbolat Yerzhan,1,0,0
Khan Baykal,30,0,0
Kaya Scodelario,23,8,1
Greg Collins,163,0,0
Charlie Rowe,13,0,0
Ney Latorraca,70,1,5
Viktor Nemetz,14,0,0
Peter Gallagher,99,5,3
Michel Simon,111,3,3
Stanislav Lyubshin,69,2,2
Dylan O'Brien,16,6,12
Tim Van Patten,16,35,16
Alex Skarbek,14,1,2
Chuck Conners,135,2,2
Lola Naymark,29,1,2
Zoe Barker,8,0,0
David W. Ross,8,6,6
Jackie Stewart,1,0,0
Sarah Colonna,17,0,0
Julie Walters,99,44,25
Annie Cordy,77,1,0
Lucia Bosé,59,2,4
Lew Ayres,155,2,4
Tabrett Bethell,12,1,0
Alison Doody,32,0,0
Oleg Anofriev,74,1,1
Lal,360,9,28
Tsutomu Isobe,60,0,0
Marlene Dietrich,57,3,5
Franz Marijnen,1,0,0
Aries Spears,35,0,0
Henry Silva,138,0,0
Jerzy Skolimowski,24,23,26
Paz de la Huerta,50,1,1
Daniel Letterle,5,1,1
Justin Theroux,58,6,1
Angela Lansbury,112,57,29
Gary Graham,107,0,0
Brigid Berlin,14,0,0
Lorraine De Selle,26,0,0
Paul Hogan,14,5,8
Jackée Harry,86,3,4
Mel Welles,108,0,0
Rick Giovinazzo,1,0,0
Anneli Sauli,61,1,1
Noah Ringer,3,1,0
Annie Heise,17,0,0
Alexander Fehling,27,12,4
Bryant Weeks,3,0,0
Laureano Olivares,30,1,1
Nadine Van der Velde,21,12,3
Tereza Zajickova,14,1,1
Garrison Keillor,11,21,3
Michael Brodie,1,0,0
Ricky Jay,39,2,6
James Balog,1,0,0
Joseph Cotten,132,2,2
Paul Anderson,30,0,0
Howard Webb,1,0,0
Tommy Kirk,54,0,0
Regina Lund,48,1,0
Dawid Ogrodnik,20,2,6
Nikki Blonsky,16,15,9
Jerry Falwell,1,0,0
Sophie Turner,13,9,1
Gillian Anderson,61,76,28
Kenneth Branagh,67,63,36
Roberto Benigni,30,43,59
George Eastman,60,0,0
Steven Eckholdt,85,1,1
Paula Vesala,10,1,0
Aldo Puglisi,22,0,0
Charles Manson,1,0,0
Wong Ching,84,2,2
Amanda Donohoe,58,2,1
Duane Martin,43,4,0
Heather Langenkamp,40,2,2
Preity Zinta,41,29,11
Ashok Selvan,14,0,0
Simone Signoret,72,10,13
Jonny Lee Miller,52,12,1
Jack Kao Kuo-Hsin,87,3,0
Martin Yost,1,0,0
Reggie Miller,6,0,0
Itay Tiran,19,2,0
Jon Jarocki,5,0,0
Pauline Collins,68,4,4
Ramasan Minkailov,1,0,0
John Ingle,105,1,1
Karim Abdel Aziz,21,1,1
José Saramago,1,2,2
Primo Gaburri,2,0,0
Gene Jones,33,4,1
Garik Kharlamov,21,1,1
Dana Ashbrook,65,2,0
Farhad Kheradmand,2,0,0
Travis Aaron Wade,38,0,0
Fereshteh Sadre Orafaiy,14,1,2
Meron Getnet,1,0,0
Jon Schnepp,20,1,0
Stephen Lang,126,10,6
Cyril Collard,5,4,8
Anita Briem,20,1,1
Adam Tønsberg,2,0,0
Pietro Cammarata,1,0,0
Ari-Kyösti Seppo,34,0,0
Cristina Raines,45,0,0
Ricardo Trêpa,42,0,0
Juanjo Menéndez,97,1,6
Aleksandr Adabashyan,46,5,2
Sarah Frangenberg,1,0,0
Darío Díaz,1,0,0
Carlos Echeverría,1,1,0
Tonko Bossen,18,0,0
Ohad Knoller,32,3,3
Nigel Barber,64,3,3
Adriana Caselotti,5,0,0
Logan Alexander,12,0,0
Kristos Andrews,16,5,9
Philippe Caubère,21,0,0
Tatyana Klyuyeva,4,0,0
Dan Rickard,3,1,1
Michael Reilly Burke,105,1,0
Unto Helo,4,0,0
Mark Ruffalo,67,113,32
LeAnn Rimes,13,4,3
Emin Toprak,5,3,3
Ronnie Hall,3,0,0
Damien Jouillerot,56,1,1
Elise Schaap,28,1,2
Peter Blok,54,1,1
David Paymer,158,7,4
Luigi Pisani,8,1,1
James Gunn,18,10,15
Javier Escrivá,59,3,3
Diana Bracho,89,3,2
Juha Veijonen,75,1,1
Oliver Cooper,24,2,0
Robert Glaudini,20,1,0
Jon Finch,65,0,0
Björn Hlynur Haraldsson,24,6,1
Jimmy Tsai,2,1,1
Anna Maria Barbera,9,2,0
Krešimir Mikić,56,1,1
Claus Holm,66,0,0
Sônia Braga,85,16,17
Lluís Homar,99,9,11
Zhang Yi-Shan,5,0,0
John Arcilla,76,13,5
Maria Kraakman,32,3,2
Cristina Marsillach,28,0,0
Eric Schaeffer,24,8,8
Joey Skaggs,1,0,0
Josh Brolin,70,50,12
Allison Williams,14,7,0
Miriam Margolyes,173,3,1
Marieta Severo,57,10,14
Lawrence Gray,45,0,0
LilRel Howery,21,6,2
Gabriele Ferzetti,167,2,4
Pachara Chirathivat,6,1,0
Buddy Hackett,54,1,1
Laurent Lucas,80,2,1
Magnus Krepper,82,1,2
Trevor Donovan,33,1,0
Sascha Kekez,10,0,0
Javier Cifrián,18,2,0
Meda Andreea Victor,9,1,0
Jack La Rue,143,0,0
Alison Sweeney,30,10,9
Sybille Schmitz,40,0,0
George Nader,72,4,1
Mariana Vargas,1,0,0
Kengo Kora,68,3,2
Jon Brion,2,18,5
Gig Young,87,8,6
Oh Man-seok,3,0,0
Özz Nûjen,16,1,0
Brian Blessed,172,1,1
Lee Tockar,191,8,2
Anders Matthesen,16,4,4
Joe Louis,10,0,0
Dennis Coffey,2,0,0
Marianne Farley,56,5,5
Segundo de Chomón,1,0,0
Rob Brown,14,5,4
Pascal Légitimus,80,1,1
Rob Paulsen,498,25,7
Christopher Mitchum,70,0,0
Mamadou Dioumé,15,0,0
Oksana Korostyshevskaya,6,0,0
Ray Panthaki,42,2,2
Mikhail Gorbachev,1,1,1
Thomas Jane,72,8,6
Reino Nordin,48,1,0
William Boyd,48,10,9
Adriana Solis,4,0,0
Vasilis Diamantopoulos,54,2,2
Maggie Lawson,51,0,0
Tatyana Shabelnikova,7,0,0
Lilli Palmer,103,7,9
John Archer,146,0,0
Suzanne Reuter,70,6,6
Patrice Townsend,2,0,0
Andrés Almeida,44,1,1
The Holy Modal Rounders,67,13,7
Sandy Ratcliff,32,0,0
Frank Baxter,7,1,1
Alexandra Holden,65,1,0
Frank Sinatra,68,22,19
Adam Garcia,33,0,0
Diana Glenn,43,5,1
Juri Ueno,45,1,3
Kang Dong-won,26,3,4
Susan Calman,11,0,0
Nelson Xavier,97,6,14
Bracha van Doesburgh,32,1,4
Maria Georgiadou,33,0,0
Ky Evans,22,0,0
Aleksandr Lyapin,7,0,0
Beverly D'Angelo,119,5,1
Matthew Géczy,70,0,0
Chris Stapp,5,0,0
Anne Marsen,2,0,0
Cesar Romero,202,4,4
Christina von Blanc,8,0,0
Sophia Del Pizzo,20,0,0
Santiago Magill,15,0,0
Hiroka Oyama,1,0,0
Lars Mikkelsen,72,16,7
Andy Kaufman,9,7,2
Viktor Kosykh,29,0,0
Paul Meurisse,67,0,0
Rick D. Wasserman,84,2,0
Arulnithi,1,0,0
Phillip Ko Fei,199,0,0
Max Renaudin,7,0,0
Michael Yeager,5,0,0
Colin Firth,84,56,67
Mahesh Manjrekar,79,4,3
Anica Dobra,104,2,2
Jennifer Saunders,65,7,7
Rudolf Hrušínský,189,3,3
Ashley Fiolek,1,0,0
Ryan Pinkston,44,1,0
Milo Ventimiglia,73,12,6
Anant Nag,132,1,0
Paul F. Tompkins,107,2,1
Telly Savalas,130,11,9
Trina Parks,7,0,0
Jesus Moises Rodriguez,1,0,0
Macon Blair,29,4,2
Virginie Ledoyen,57,4,6
Nathalie Kelley,20,0,0
Manuel Hernández,7,0,0
Jerry Banks,13,0,0
Ian McShane,139,23,4
Stan Shaw,66,0,0
Ryan McCoy,5,0,0
Groucho Marx,33,5,5
Sari Akasaka,1,0,0
Hyun Bin,21,1,2
Shirley Henderson,81,12,11
Brion James,172,0,0
Nikolai Gusarov,13,0,0
E.J. Bonilla,31,3,2
Amy Jo Johnson,46,4,6
Cody Arens,25,1,1
Graham Kennedy,13,1,14
Jiang Wen,34,33,26
Angela Featherstone,46,1,0
Kathleen Robertson,59,8,1
Tom Neal,84,0,0
Emmanuel Salinger,54,1,3
Merian C. Cooper,1,2,4
Noah Wyle,48,25,15
Steve Irwin,3,4,4
Chris Evans,52,36,6
Oshri Cohen,28,3,0
Thora Birch,52,27,18
Lília Cabral,56,8,15
Demos Murphy,2,1,0
Karla Chadimová,45,0,0
Sylvia Chang,104,43,19
Mike White,19,11,8
Martin Donovan,106,6,3
Konstantin Raykin,27,1,1
Tair Mamedov,6,0,0
Meredith Baxter,109,7,3
Meiko Kaji,99,2,5
Sterling Hayden,72,2,2
Brigitte Roüan,109,5,3
Joonas Nordman,21,0,0
Shelley Long,85,16,8
Martin Henderson,41,5,0
Martha Scott,95,2,3
Karen Sillas,38,3,0
Sachiko Chiba,35,0,0
Jake Lacy,26,3,0
Dmitriy Pevtsov,45,1,3
Nathan Cogan,31,0,0
Paul Kelly,171,0,0
Pablo Pauly,23,3,2
Richard Howell,2,0,0
Richard Tillman,14,0,0
Kirk Morris,20,0,0
Lloyd Hamilton,252,1,1
Komaki Kurihara,37,2,2
Lena Bengtson,1,0,0
Michael Schoeffling,11,0,0
Charley Grapewin,109,0,0
Fabio Testi,101,1,1
Eva Santolaria,33,2,2
Ninetto Davoli,86,2,5
Daniel Day-Lewis,29,95,143
Glenn Plummer,136,2,1
Miriam Japp,10,0,0
Philippe Petit,4,0,0
Antun Vrdoljak,19,5,5
Gene Hackman,100,41,32
Leïla Bekhti,40,7,2
Ambra Angiolini,37,6,5
Jason O'Malley,2,0,0
Carole Brana,15,1,0
Matthias Hungerbühler,13,0,0
Calvin Lockhart,46,0,0
Denise Crosby,96,1,1
Jennifer Aspen,81,0,0
James Farentino,93,2,1
Rodrigo Noya,16,2,2
Tonino Guerra,5,11,22
Julie Warner,51,1,0
Reem Abdullah,1,0,0
Violett Beane,11,0,0
Robert Dhéry,38,1,1
Chiranjeevi,190,4,14
Petr Kostka,169,0,0
Mark Ivanir,135,6,2
Marcos Hernández,1,0,0
Andrei Popov,44,2,2
Alice Lowe,73,12,8
Fuka Koshiba,17,1,1
Hoyt Axton,56,0,0
Mark-Paul Gosselaar,64,5,1
Jennifer Jones,27,7,7
Charles Napier,203,0,0
Jennifer Connelly,53,26,15
Anders Danielsen Lie,20,3,4
Addison Steege,1,0,0
Tim Roth,104,25,19
Kevin Durand,73,3,0
Gerard Butler,60,15,4
Maureen Teefy,18,0,0
Arthur Franz,152,0,0
Inger Nilsson,15,1,1
Amy Seimetz,70,16,6
Jerry Calà,41,0,0
Ben Litwinschuh,3,0,0
Shelby Knox,1,0,0
Saken Aminov,1,0,0
Rykko Bellemare,2,0,0
Jean-Pierre Léaud,98,4,9
Noë Sampy,3,0,0
Giancarlo Esposito,174,12,12
Wen Zhang,31,8,7
Greg Bradford,1,0,0
Amanda Schull,33,0,0
Mariska Hargitay,52,36,11
Bernard Campan,40,1,3
Gordon Thomson,53,8,1
Chris O'Dowd,54,25,5
Tamara Stafford,4,0,0
Nicolette Krebitz,65,10,13
Cameron Mitchell,241,2,2
Suangporn Jaturaphut,1,0,0
Isarco Ravaioli,70,0,0
Andy Peters,15,0,0
Sarut Wijittranon,2,0,0
Diana Avramut,1,1,0
Michael Beck,43,2,0
Stephanie Sigman,21,0,0
János Gálvölgyi,82,0,0
Charles Jang,4,0,0
Demi Lovato,64,28,13
Robin Shelby,19,0,0
Paul O'Brien,26,3,1
Costel Cascaval,23,0,0
Andre Noble,7,0,0
Karen Allen,60,4,11
Johnny Whitaker,40,1,1
Mara Wilson,20,6,3
Chad Michael Murray,38,9,5
Alex MacQueen,94,3,0
Steven Pasquale,24,0,0
Maarten Smit,3,0,0
Jasen Wade,26,0,0
Randy J. Blair,5,0,0
Michael Berry,15,0,0
Nathan Meister,19,1,0
Linda Arvidson,165,0,0
Ellise Chappell,5,0,0
Seo Ji-Seok,2,0,0
Dibyendu Bhattacharya,35,0,0
Jena Malone,70,20,13
Kwok Kuen Chan,111,0,0
Tommi Korpela,133,3,5
Sasha Lane,8,10,1
Frederic Forrest,83,4,2
Arik Einstein,11,0,0
Rudolph Valentino,39,1,1
Les Tremayne,131,0,0
Manos Katrakis,94,2,2
Ilona Agathe Bastian,1,0,0
Gerard Kearns,26,1,0
Yukie Kawamura,27,0,0
Ayushmann Khurrana,17,4,9
Hans Conried,211,1,2
Jonathan Gold,4,0,0
Christina Brucato,38,0,0
Domingos de Oliveira,18,12,28
Fred Delmare,200,0,0
Aubrey Peeples,21,0,0
David Jason,73,10,19
Chloe Pirrie,23,1,1
Lucille Ball,121,17,24
Arthur Dignam,56,1,0
Daniel Anderson,57,0,0
John Boyega,28,19,7
Yuuki Kaji,181,1,1
Mario Guerra,37,0,0
Sam Shepard,67,13,7
Bruce Springsteen,51,35,19
Kinya Kitaoji,122,3,4
Maria Schrader,53,9,10
James Woods,143,39,21
Jim McBride,7,0,0
Jaclyn Jose,138,33,13
Travis Schuldt,53,0,0
Tony Lo Bianco,105,2,2
Jamie Gillis,1,0,0
Matt Frewer,135,5,2
Carl-Gustaf Lindstedt,87,1,1
Ciarán Hinds,109,11,7
Rodney Bingenheimer,17,1,1
Ethan Flower,30,1,1
Vanessa Paradis,31,3,6
Abou Camara,9,0,0
Fouad Habash,1,1,0
Leighton Meester,53,8,4
Sergio Assisi,26,1,2
Justin Bieber,37,61,34
Steve Carell,73,128,34
Alexander Fu Sheng,43,0,0
Fakrul Hasan Bairagi ,22,0,0
Devon Graye,47,1,1
Andrey Smirnov,30,7,5
Steve Berg,41,0,0
Robert Indiana,2,0,0
Matthew Harbour,14,1,1
Mercedes Mason,34,0,0
Halina Reijn,64,4,3
Zoltán Latinovits,76,2,2
Thorsten Flinck,41,0,0
Caleb Landry Jones,33,5,4
Yoshikazu Kotani,13,0,0
Jens Lehmann,1,0,0
Charles Winninger,79,0,0
Rainn Wilson,75,19,10
Dan Rowan,10,4,2
Efrat Gosh,4,0,0
Robyn Lively,92,5,0
Brahim Hadjadj,5,0,0
Jeremiah Watkins,28,0,0
Lee Pace,36,17,7
Alexandra Staden,18,0,0
Rolf Jarl,17,0,0
Tom Hiddleston,45,34,6
Shin Hyun-joon,2,0,0
Kaylee DeFer,24,0,0
Joseph O'Conor,117,0,0
Lisa Kudrow,76,73,13
Nick Cassavetes,41,8,5
Alexandre Rodrigues,19,1,1
Diahann Carroll,57,13,9
Amrita Puri,6,4,0
Fred Testot,58,0,0
Tim Oliver Schultz,39,3,3
Hallie Kate Eisenberg,19,7,2
Jonathan M. Woodward,14,0,0
Christian Ulmen,46,8,4
Josef Altin,78,2,0
Dan Zukovic,36,6,5
Max Beesley,40,2,1
Briana Evigan,37,1,3
Yoshio Harada,138,2,18
Anna Lise Phillips,47,1,0
Mischa Barton,76,6,3
Sebastian Zimmler,9,0,0
Josh Watson,12,1,0
Donovan Leitch,36,0,0
Joaquin Phoenix,52,113,37
George Gravett,1,0,0
Charles Korvin,41,0,0
Brigitte Auber,35,0,0
S. Epatha Merkerson,58,24,14
John Holmes,6,0,0
Kali Bannerjee,150,0,0
Kenzô Kawarasaki,50,0,0
Lynn Redgrave,102,17,11
Chesney Allen,16,0,0
Lionel Barrymore,223,2,4
Monica Bellucci,74,13,7
Lucy Tulugarjuk,5,1,1
Karl Malden,71,14,8
Yuen Siu-Tin,140,1,0
Sasha Roiz,52,0,0
Andrea Bowen,42,6,3
Vikram Gandhi,2,2,1
Rutger Hauer,172,6,14
Philip Winchester,28,0,0
Daniel Ross,27,0,0
Alonzo Bodden,27,0,0
Gautham Karthik,13,2,2
Henrik Dorsin,23,2,2
Laurie Anderson,11,11,3
Carla Besnaïnou,6,0,0
Encke King,1,0,0
Steven Page,2,1,4
Ivan Thompson,1,0,0
Humphrey Bogart,84,6,7
Fernanda Torres,50,17,13
Carolyn Brandt,3,0,0
Bernard Alane,105,0,0
Maria Chwalibóg,37,1,1
Capucine,57,2,1
Büsra Apaydin,5,0,0
Keith Allen,44,0,0
Demi Moore,62,28,15
David Dencik,88,16,6
Mina Mohammad Khani,1,0,0
Kappei Yamaguchi,311,1,1
Scott Bairstow,28,1,1
Barry Ward,42,3,0
Huntz Hall,119,0,0
Michael Hutchence,23,0,0
Paulina Gaitán,41,1,0
Sean Kilkoyne,2,0,0
Davika Hoorne,7,3,1
Zachary Scott,73,1,1
Abdellatif Kechiche,9,40,61
Gordon Peardon,1,0,0
Julie Gonzalo,41,3,1
Marijn De Valck,34,0,0
Ron Atkins,4,0,0
Jennifer O'Neill,55,0,0
Dana Vávrová,51,1,8
Mitsuko Horie,41,0,0
Avtandil Varazi,1,0,0
András Hatházi,9,2,1
Hallie Todd,35,2,0
José Wilker,116,10,12
Adam,2,1,1
Richard Ganoung,6,0,0
Karolina Antosik,7,0,0
Kenichi Matsuyama,71,4,7
Hugo Weaving,90,29,28
Jack Wild,35,3,1
Gilbert Roland,143,3,3
John Hawkes,134,60,18
Helen Twelvetrees,32,1,1
Karen Abercrombie,27,0,0
Jonathan Groff,25,6,6
Karina Pizarro,3,0,0
Karl Jacob,20,1,1
Barry Fitzgerald,51,2,5
Jason Statham,49,3,1
Joyce Hyser,30,1,0
Mark Strano,18,1,1
Dani Calabresa,12,1,1
Ewen Leslie,52,9,1
Alan van Sprang,81,0,0
Sergio Rossi,42,0,0
Luke Benward,32,1,1
Hélène Loiselle,38,3,1
Richard Anconina,51,2,2
David Fernández,42,0,0
Tricia Leigh Fisher,33,0,0
Katie Peterson,13,0,0
Magdalena Mielcarz,14,0,0
Jane Jensen,15,0,0
Jonathan Hansler,63,1,1
Fernando E. Solanas,4,22,36
Peter Jackson,17,134,137
Laia Costa,24,4,5
Omar Adilov,2,0,0
Emanuel Bettencourt,9,0,0
Ronald Mlodzik,6,0,0
Jacques Gagnon,2,0,0
Robertson Hare,52,0,0
Emily Hampshire,77,6,6
Szabó Győző,70,0,0
Cleavon Little,62,2,2
John Getz,129,3,3
Håvard Lilleheie,8,0,0
Will Yun Lee,76,1,5
Noel Gugliemi,184,0,0
Isaka Sawadogo,36,3,5
Phyllis Calvert,76,2,1
Forrest J. Ackerman,52,6,6
Aleksandr Filippenko,82,2,1
Haris Fragoulis,22,1,2
Müsfik Kenter,38,1,1
Emil Steinberger,12,2,2
Colin Quinn,39,2,3
Alexander Knox,93,2,2
Hailey Gates,7,0,0
Alex C. Nachi,10,0,0
Lars von Trier,16,99,100
Antti Reini,111,0,0
Thanos Amorginos,2,0,0
Daniel Johnston,5,0,0
Nadja Uhl,57,15,12
Rene Auberjonois,228,9,5
Sanjeev Kumar,166,1,3
Boti Bliss,47,1,0
Stan Brakhage,14,2,2
Poul Reichhardt,144,1,1
Kathy Baker,111,19,10
Ben McKenzie,24,8,1
Amitabh Bachchan,229,53,58
Kirill Lavrov,75,1,3
Tom Papa,17,0,0
Alexander D'Arcy,52,0,0
Rauno Ahonen,65,1,0
Kiyoshi Atsumi,105,6,12
Christine Bottomley,63,1,0
Jin Muraki,11,0,0
Leon Robinson,77,4,1
Paul Mercurio,29,1,0
Scott Brady,143,0,0
Edgar Ramírez,40,15,12
Teagan Vincze,33,1,0
Joanne Hill,1,0,0
Éric Bruneau,25,0,0
Allen Lewis Rickman,30,0,0
Susan Taslimi,18,1,1
Filippo Scicchitano,9,2,3
Chadwick Brown,10,0,0
Hertha Thiele,33,0,0
Tommi Eronen,44,1,3
Bruce Campbell,127,8,11
William Lundigan,86,0,0
Raphael Sbarge,166,6,7
Danielle Darrieux,140,4,7
Jolene Van Vugt,4,1,0
Jawed El Berni,23,0,0
Denis Mercier,33,1,1
Hristos Passalis,8,1,1
Aidos Sagatov,1,0,0
Juliana Harkavy,28,1,1
Maurizio Arena,79,0,0
Radek Bruna,24,1,0
Pål Sverre Hagen,30,3,6
Tab Hunter,76,1,1
Jan Nowicki,110,1,1
Jackson Martin,14,1,3
Alexander Nevsky,11,0,0
Alessia Barela,37,2,0
Jennifer Jason Leigh,97,63,27
Emraan Hashmi,45,16,0
Tim McCoy,93,1,1
Eunice Anderson,12,0,0
Larry Drake,84,7,8
David Eberts,1,2,2
Shosuke Tanihara,101,0,0
Archil Gomiashvili,25,1,1
Nils Asther,82,1,1
Li Ling,2,0,0
Christina Ricci,75,34,19
Teyonah Parris,22,7,4
Brent Carver,45,3,4
Christopher Dane,52,2,2
Helen Gardner,61,0,0
Venera Rakhimova,3,0,0
Jeanne Balibar,54,4,5
Leon Barker,1,0,0
Michael McMillian,48,1,1
Stefania Casini,51,2,0
Mae Questel,367,1,1
Anne Coesens,61,2,5
Reem Kherici,14,1,0
Alexia Fast,43,2,2
Stuart Ashen,38,2,2
Daniel Wyllie,76,9,4
Ivan Ganzha,5,0,0
Vincent Jerome,18,2,2
Edmund Purdom,99,1,1
Schuyler Fisk,25,0,0
Zachary Browne,18,1,1
Michel Ray,13,0,0
Stef Aerts,23,2,2
Nat 'King' Cole,22,1,3
Alex van Warmerdam,15,51,21
Uhm Jung-hwa,3,0,0
Laurie Maher,3,0,0
Nick Nevern,51,1,1
Françoise Dorléac,21,0,0
Rudy Ray Moore,23,0,0
Vivian Sung,12,1,1
Oldřich Lukeš,61,0,0
Parry Shen,66,0,0
Rémi Laurent,17,1,0
Vince Edwards,85,2,2
David Warbeck,53,0,0
Mitsuru Fukikoshi,130,0,0
Jason Maza,54,0,0
Julia Sarah Stone,29,4,4
Thanasis Tsaltabasis,13,0,0
Jessica Andrieu,1,0,0
Florian Panzner,91,1,1
Leo Jokela,139,2,2
Mark Damon,71,2,2
Alex del Rosario,2,0,0
Sam Kantor,4,0,0
Adam Goldberg,2,1,1
Spencer Lofranco,7,1,1
Selena Gomez,85,44,40
Yoo Ah-In,27,20,19
Renee Olstead,35,1,1
Oleg Strizhenov,35,3,3
Todd McFarlane,1,4,2
Kai Lehtinen,65,1,2
Cirilo Recio Dávila,3,0,0
Blanche Sweet,164,2,2
Aura Garrido,35,14,11
Viktor Khokhryakov,43,4,4
Vladimir Volga,1,0,0
Eduard Nazarov,8,1,4
Theresa Russell,63,2,2
Jacki Kerin,12,0,0
Candice Rialson,20,0,0
Hristo Shopov,60,2,2
Sean O'Donnell,13,0,0
Adeline Abitbol,1,0,0
Lori Heuring,56,1,1
Robert Liensol,28,1,1
Babette Bardot,2,0,0
Park Yong-woo,27,1,0
Nathan Eswine,4,0,0
Phillip Avalon,17,0,0
Mark Thompson,22,5,5
Tatyana Doronina,20,2,2
Hiroshi Tamaki,65,0,0
Yukio Mishima,6,0,0
Dick Purcell,72,0,0
Jean-Pierre Cassel,209,1,1
Bryce Johnson,76,1,1
Paul Eenhoorn,40,2,2
Marc Berman,97,0,0
Bernadette Heerwagen,76,5,3
Carlos Santos,37,2,4
Angélica Aragón,99,8,3
Michele Valley,38,0,0
Jon Ronson,2,1,1
Eric Balfour,86,3,1
Vitaliano Trevisan,12,1,0
Tom Bell,113,2,0
Nikki Moore,24,0,0
Boris Karloff,207,1,4
Jake Dengel,27,0,0
Larry King,66,14,9
Ruta Gedmintas,26,1,0
Jason Barker,2,0,0
M.L. Piyapas Bhirombhakdi,1,0,0
Barbara Kent,35,0,0
Ewan McGregor,83,48,29
Alia Bhatt,20,15,13
Matthew Gray Gubler,30,2,4
Tantoo Cardinal,117,5,13
Helen Shaver,90,17,8
David Johansen,43,1,0
Nancy Kwan,54,3,4
Michael W. Smith,7,2,2
Bob Balaban,115,18,11
Jean-Pierre Andréani,50,0,0
Elena Serrano,1,0,0
Cotter Smith,88,0,0
Ismo Alanko,6,0,0
Jon Ray,51,0,0
John McElhone,1,0,0
Nathaniel Parker,79,1,0
Jennifer Tilly,119,13,8
Glen Hansard,3,15,12
Yannick Diakité,1,0,0
Henry Ian Cusick,49,8,6
Desiree Akhavan,7,16,5
Jermaine 'Huggy' Hopkins,18,1,0
Makarand Anaspure,66,0,0
Stéphane Gagnon,4,0,0
Keiron Parsons,1,0,0
Zbigniew Zamachowski,115,4,4
Adriana Barraza,55,19,10
Bipasha Basu,65,16,4
Sharon Stone,145,36,24
Douglas Fairbanks Jr.,99,3,3
George Coulouris,141,1,1
Mariah Carey,124,124,72
Park Hae-il,31,5,6
Tim Armstrong,12,0,0
Manoj Joshi,120,1,1
Gil Alon,4,0,0
Khan Chittenden,26,1,0
Jeremy Irvine,21,2,1
Anthony Steffen,67,0,0
Sophie van Winden,27,2,1
Michèle Morgan,75,4,4
Dave Sheridan,61,0,0
Bruno Zanin,25,0,0
Mišel Matičević,77,3,3
Fumi Hirano,49,0,0
Jim Varney,53,1,1
Mania Akbari,4,11,8
Florian David Fitz,46,13,9
Irrfan Khan,148,22,23
Michael Landes,81,1,0
Laci J Mailey,25,0,0
Baya Medhaffer,1,1,1
Angus Scrimm,58,1,1
John Amplas,19,0,0
James Preston,18,0,0
Edmund Lowe,127,2,2
Lucia McBath,3,0,0
Emily Roya O'Brien,42,4,0
René Rupnik,1,0,0
Spede Pasanen,67,5,5
Kirsten Dunst,83,68,34
Raymond Ochoa,48,1,0
Garry Chalk,392,1,2
Erdal Besikçioglu,24,1,1
Claudio Lafarga,19,1,0
Joanna Arnow,6,3,1
Norah Baring,13,0,0
David Arquette,124,5,8
Isabelle Renauld,87,1,1
Suzanna Love,11,0,0
Salomon Perel,1,0,0
Arno Liiver,3,0,0
Robert Blake,163,13,6
Huda Al Imam,6,0,0
Gabriel Iglesias,40,2,0
Larry Poindexter,162,0,0
Lisa Bowman,14,1,0
Patrick O'Kane,50,0,0
Jefferson Brown,82,1,0
Jacques Vermeire,26,0,0
William Gates,1,0,0
Sally Forrest,40,0,0
Reena Shah,20,0,0
Rory Culkin,35,9,2
Eddie Griffin,52,2,2
Candy Darling,61,0,0
Folker Bohnet,31,0,0
Christoph Maria Herbst,102,7,11
Venkatesh Chavan,2,0,0
Keiichi Noda,57,0,0
Skeet Ulrich,42,1,3
Emlyn Williams,49,1,0
Michael Urie,33,11,7
Vannessa Vasquez,22,2,0
Maria Alexandra Lungu,1,2,2
Jang Keun-suk,21,4,4
Michael Wrann,9,0,0
Evgeni Leonov,2,0,0
Nancy Allison Wolfe,1,0,0
Steve Curry,64,1,4
Hugh Dillon,44,7,3
KaDee Strickland,27,2,1
Jonathan Good,55,0,0
Larry Cohen,1,2,3
Frankie Howerd,58,1,0
Reggie Bannister,58,0,0
Gheorghe Dinică,99,10,10
Davey Jones,31,1,1
José María Yazpik,47,5,3
Anthony Perkins,67,6,9
Jalil Naciri,22,1,1
Sakis Boulas,40,0,0
Irma Huntus,1,0,0
Tristán Ulloa,52,14,4
David Knight,37,0,0
Adam Deacon,59,1,1
Ingrid Steeger,84,4,2
Kim Milford,12,1,0
Susan Stewart,8,0,0
Camille Guaty,59,0,0
Fernando Acaso,6,0,0
J. Herbert Kerr Jr.,3,0,0
Danielle Cormack,50,9,4
Stelian Urian,1,0,0
Austin Basis,46,0,0
Lawrence Monoson,48,1,0
Luca Argentero,41,8,6
Charlotte Gainsbourg,62,33,14
Maaya Sakamoto,195,0,0
Mark Wood,24,1,0
Joel Smallbone,10,0,0
Richard Jaeckel,192,2,2
Morgan Weisser,27,1,0
Kate Beahan,44,3,0
Markees Christmas,6,1,0
Pavel Chinaryov,10,2,2
Godfrey,55,0,0
George Beban,18,0,0
Shantel VanSanten,26,0,0
Ralphie May,7,0,0
Marcello Di Falco,24,0,0
Mel Blanc,1,1,1
Kris Lemche,54,2,2
Jacob Nordenson,62,0,0
Sergej Trifunović,71,0,0
Larisa Golubkina,18,1,1
Jeff Bridges,90,107,46
Maryana Spivak,10,1,0
Chad Donella,47,2,2
Annette Funicello,34,1,1
Elaine Cassidy,32,10,3
Zhang Hanyu,32,7,8
Rod Perry,12,0,0
Leszek Teleszynski,38,0,0
Nathalie Delon,33,1,0
Quinn Marcus,8,0,0
Myrthin Stagg,5,0,0
Jason Stuart,144,2,0
Benjamin Lutzke,6,1,2
Matt Adler,34,0,0
Haley Pullos,19,3,5
Delroy Lindo,67,16,2
María Casares,34,1,0
Balázsovits Lajos,111,0,0
Greyson Fletcher,2,0,0
Carl Marotte,72,1,0
Dianna La Grassa,4,0,0
Mahnoor Baloch,5,0,0
Josef Sommer,100,0,0
Mark Kelley,3,0,0
Henrik Rafaelsen,33,2,3
Hans Albers,168,1,0
Sophie Rogall,28,2,0
Justin Gross,28,0,0
Alfredo Castro,68,6,9
Zura Begalishvili,16,0,0
Christina Applegate,77,27,17
Kazuki Kitamura,140,0,0
Joan Plowright,75,8,9
Louis Tripp,8,0,0
Murvyn Vye,107,0,0
Manuel Badàs,1,0,0
Philippe Nahon,217,2,2
Isao Numasaki,14,0,0
Leonor Baldaque,13,2,2
Will Allen,1,3,0
Krystal Summers,5,0,0
Donald Sinden,80,1,0
Akira Kamiya,174,0,0
Macdonald Carey,118,3,10
Marlène Jobert,48,2,2
Mary Steenburgen,104,22,21
Ken Ogata,98,9,13
Jaden Smith,20,20,8
Ha Ji-won,35,8,10
Shannyn Sossamon,41,7,1
Brooke Burns,44,2,0
Matt Prokop,20,0,0
Marie Zielcke,59,1,1
Rebecca Pidgeon,31,3,3
Jorge Salinas,33,0,0
Gaylen Ross,3,1,10
Eric Ruffin,9,0,0
Farooq Shaikh,75,1,2
Damian Ul,13,1,1
Sebastian Fabijański,27,1,1
Cedric Bates,7,0,0
Jacques Perrin,131,11,7
Charles Pitt,7,0,0
Bruce Boxleitner,124,3,5
Doug Benson,31,0,0
Maria Cina,40,0,0
Carla Balenda,29,0,0
Marie Rivière,71,1,1
Linda Bergström,4,0,0
Vladimir Mayakovsky,4,0,0
Stevan Petrovic,1,0,0
Aaron C. Peer,5,0,0
James D'Arcy,78,1,0
Rodion Nahapetov,42,1,1
Andra Millian,13,1,0
Haluk Bilginer,82,1,8
Kristofers Konovalovs,1,0,0
Melissa Rauch,26,10,0
Harry Hamlin,85,5,4
Vladimir Yepifantsev,53,1,1
Sebastian Hiort af Ornäs,13,1,0
Hikaru Midorikawa,278,0,0
Juha-Pekka Mikkola,49,0,0
Louise Bourgoin,22,1,2
Rachelle Lefevre,74,1,1
Himeka Asami,16,0,0
Sascha Kruscharska,1,0,0
Luis Fernando Peña,78,5,4
Aileen Pringle,85,1,1
Craig Hall,65,1,1
Danuta Szaflarska,49,3,6
Dimitrije Vojnov,14,1,1
Marjorie Yates,64,0,0
Bonar Colleano,36,0,0
Thomas Acda,29,2,2
Josh Hamilton,89,2,2
Natalie Hall,28,0,0
Anne Shirley,68,2,2
Ranbir Kapoor,29,27,28
Carlos Padilla,6,0,0
Jack Webb,28,8,12
Louis Theroux,1,4,4
Eva-Maria Kurz,121,0,0
Sophie Cattani,38,0,0
Natalya Bystrova,4,0,0
Donnie Wahlberg,65,5,2
Marc Béland,34,1,0
Jeff Wincott,75,1,0
Sean Lynch,32,0,0
Eduardo Fernández,75,33,33
Adam Green,19,6,9
Kip Canyon,7,0,0
Jean Vander Pyl,87,1,1
Mitchell Hurwitz,9,20,8
Eiji Okada,116,0,0
Tak Sakaguchi,38,0,0
Patrick Huard,34,10,2
Lauren Vélez,48,18,6
Luke de Woolfson,31,0,0
Darsheel Safary,6,2,2
Frank Cermak Jr.,10,1,1
Jérémie Renier,60,14,9
Justin Bruening,34,1,1
Mathilda Paradeiser,6,0,0
Ogie Banks,99,1,0
Klara Rumyanova,169,0,0
Ilaria Occhini,56,2,8
Jack Nance,39,0,0
Fábio Assunção,42,10,5
Alan Sparhawk,2,0,0
Dmitri Solovyov,4,0,0
Joo Jin-Mo,43,0,0
Neha Dhupia,58,1,1
Damon Albarn,46,2,0
Beck,56,15,7
Rufus Thomas,6,0,0
Peter Reznick,2,0,0
Bradford Simonsen,3,1,0
Miki Ros,1,0,0
Laura San Giacomo,56,6,8
John Hansen,3,0,0
Oscar Isaac,47,50,21
Stephen Shellen,56,0,0
Jake Muxworthy,26,0,0
Peter Fenton,7,3,1
Marc Paquet,13,1,0
Yftach Katzur,16,0,0
Michael Laurino,7,0,0
Doug McClure,101,1,3
Travis Fimmel,27,1,0
Sam Trammell,65,2,4
Daiva Ksivickiene,1,0,0
Miranda Richardson,120,41,20
Margo,27,0,0
Lucas Cruikshank,19,2,1
Laura Michelle Kelly,3,2,0
Pernille Kaae Høier,14,0,0
Anna Hutchison,37,1,0
Janette Armand,3,0,0
Jim Jefferies,11,1,0
Simon J. Berger,33,0,0
Lyle Talbot,332,0,0
Manuel Gélin,62,0,0
Nora Arnezeder,23,2,2
Tim Preece,121,0,0
Jason Alexander,136,39,11
Minako Kotobuki,80,0,0
David Ogden Stiers,167,5,4
Sid Laverents,1,0,0
Leandro Arvelo,20,0,0
Trudy Young,26,1,0
Annie Townsend,1,1,1
Fred Vogel,8,1,2
Carly Schroeder,27,5,3
Horst Janson,157,2,2
Victoria Beckham,17,5,3
Helena Albergaria,12,1,3
Doze Niu Cheng-Tse,25,18,7
Pedro Armendáriz,128,4,3
Enrico Lo Verso,80,7,4
Helena Vondráčková,16,0,0
Teuvo Tulio,6,1,1
Adam Lundgren,42,2,2
Youn Yuh-jung,42,6,12
Shiri Appleby,81,5,0
Jessica Meyerson,19,0,0
Connie Nielsen,55,8,5
Zinoviy Gerdt,108,1,2
Melia Kreiling,21,0,0
Yorgo Voyagis,67,0,0
Rose Byrne,65,27,15
Stephanie Beacham,90,4,1
Jerry Garcia,2,0,0
Emi Kuroda,2,0,0
Nate Dushku,22,0,0
Ross Kettle,18,1,0
Jenn Gotzon,75,7,8
Rafiq Anwar,28,0,0
Cleophas Kabasita,4,0,0
Karen Miyama,43,0,0
Clarence Muse,165,0,0
Fatsah Bouyahmed,25,0,0
Julien Baumgartner,36,1,1
Keith Coogan,79,6,1
Linus Aaberg,2,0,0
Jamie Foxx,70,80,48
Warren Beatty,34,52,39
Robert Sacchi,22,0,0
Ken Maynard,94,1,1
Alexis Kendra,17,0,0
Norman Wisdom,45,2,2
John Forsythe,102,17,8
Melissa Romero,1,0,0
Vojin Ćetković,54,1,1
Agnieszka Mandat-Grabka,39,1,1
David Bunce,15,0,0
Paul Valjean,4,0,0
Hera Hilmar,25,1,4
Lindsay Hartley,24,3,0
Paula Beer,16,5,3
Ryohei Kimura,93,0,0
Rodney Dangerfield,37,4,3
Martin Burke,9,0,0
Irán Castillo,51,2,0
Chris D.,6,0,0
Hiroyuki Sanada,97,4,17
Tyrone Power,52,1,2
Alex Vincent,14,1,0
Walter Cronkite,6,11,12
Andrés Gertrúdix,63,5,2
Michel Diercks,20,0,0
Jacky Cheung,78,18,4
Bob Bancroft,82,0,0
Frederick Lau,97,3,8
Wendell Corey,78,1,1
Adam Sinclair,24,1,0
Dean Stockwell,205,13,12
Özcan Deniz,24,0,0
Emmanuel Garijo,21,0,0
Stefán Karl Stefánsson,21,1,1
John Gilbert,101,1,1
Farhan Ally Agha,16,0,0
Derek Mears,108,2,0
Richard Benjamin,44,7,2
Jeffrey Dean Morgan,68,3,4
Ryan Newman,18,4,1
Cut Chemist,7,0,0
Joanna Haartti,19,0,0
Brooke Bloom,58,1,1
Rani Mukerji,55,35,27
Denise Richards,94,7,4
Vyacheslav Fetisov,1,1,1
Nina Shubina,1,1,1
Stanley Holloway,88,3,1
David Field,91,2,2
Jeroen Krabbé,103,6,5
Michael Riley,66,12,5
Geno Lechner,65,1,1
Rimau Grillo Ritzberger,2,1,1
Rakel Wärmländer,25,0,0
Michael McKean,229,22,10
Mirto Alikaki,39,2,2
Hugh Lambe,21,0,0
Michelle Page,36,1,1
Oksana Fandera,29,7,1
Jonathan Rosenthal,16,0,0
Derick Martini,3,2,2
C.V. France,27,0,0
Hatty Jones,5,3,0
Seth Rogen,91,34,12
Griff Furst,85,1,1
Arnold Johnson,46,0,0
Outi Mäenpää,85,7,7
Jamey Sheridan,76,4,2
JoAnna Garcia,51,2,0
Kiều Chinh,66,1,1
Chikako Aoyama,25,0,0
Marko Matvere,21,0,0
Robert Prichard,11,0,0
Chips Rafferty,45,0,0
Artyom Tkachenko,43,2,0
Angelica Panganiban,69,20,8
Negar Shaghaghi,1,0,0
Raimu,54,3,3
Sara Takatsuki,30,0,0
Howard Duff,138,1,1
Dean Reed,24,0,0
Michael Biehn,106,2,3
Gustavo Sánchez Parra,113,2,3
Julien Doré,8,0,0
Claudio Amendola,72,16,12
Laura Bayley,9,0,0
Pier Giorgio Bellocchio,30,2,1
Saadet Isil Aksoy,23,1,6
Ed Gale,58,0,0
Nacho Vigalondo,34,16,22
Fyodor Bondarchuk,66,22,9
Olga Kuzmina,14,0,0
Sally Field,64,80,43
Michael Bleviss,1,0,0
Janelle Brady,3,0,0
Bernadette Lafont,190,3,4
Khurshed Golibekov,1,0,0
Robert Judd,2,0,0
Lauryn Hill,20,8,13
Terry Congie,2,0,0
Markku Toikka,60,0,0
Kathryn Prescott,23,0,0
Zacharie Chasseriaud,45,0,0
Corin Nemec,100,4,1
Bradley Gregg,42,0,0
Pierre Deladonchamps,28,7,2
Christophe Miossec,5,0,0
Stefania Rocca,79,8,5
Sergei Bezrukov,52,7,3
Charlton Heston,128,20,16
Brian Wimmer,49,0,0
Andrew Ross,2,0,0
Megan Gallagher,64,0,0
Tatiana Saphir,11,2,2
Toby Wallace,22,1,0
Antonio Banderas,110,41,41
Antônio Pitanga,1,0,0
Samuel Pettit,2,0,0
Bassem Youssef,4,1,1
Maika Monroe,28,5,4
Treat Williams,123,14,4
Ralph Richardson,86,8,10
Leo Howard,22,2,2
Erik von Detten,58,7,0
Donald Trump,22,6,4
Jim Kelly,16,0,0
James Craig,106,0,0
Rick Roberts,94,3,2
Ed Nelson,192,0,0
Tobias Schenke,83,1,1
Sonia Suhl,3,1,0
Isabelle Huppert,137,52,106
Rade Serbedzija,189,5,10
Amanda Renberg,15,0,0
Lauren Currie Lewis,9,0,0
Yu Jun-sang,2,0,0
Anna Ammirati,29,1,1
Magdalena Cielecka,55,4,1
Francesca Romana Coluzzi,53,4,4
Mike Connors,109,12,1
Harry Baur,78,2,2
Chris Hayes,43,5,0
Mavis Staples,4,3,0
Francesco Cusimano,2,0,0
Philippe Lacheau,14,2,2
Jared Leto,50,36,50
Andrew J. West,43,1,0
Geng Le,30,1,0
Leigh Harris,5,0,0
Kim Woo-bin,27,4,1
Brandon Routh,57,6,6
Juanita Brown,9,0,0
Lauritz Falk,71,0,0
Kang Ha-na,4,0,0
Ville Haapasalo,51,1,1
Yûko Hosoe,6,0,0
Terri Abney,23,0,0
Oldzhas Nusupbayev,2,1,1
Kristy McNichol,38,10,8
Anatoly M. Sagalevitch,1,0,0
Carla Del Poggio,34,0,0
Joe Reegan,29,0,0
Willis Earl Beal,2,0,0
Hans Matheson,30,0,0
Ila Arun,35,2,1
Moshe Kasher,27,0,0
Robert Lynen,13,0,0
Jennifer Tse,6,0,0
Charlotte Ayanna,25,1,1
Fairuza Balk,49,6,4
Eleanor Tomlinson,24,3,0
Cédric Jourde,1,0,0
Prathamesh Parab,7,0,0
Dawn Addams,72,0,0
Jason David Brown,6,1,1
Olga Breeskin,23,0,0
Vasiliy Livanov,88,2,2
Dmitriy Kharatyan,65,1,1
Martin Gore,5,0,0
Stathis Giallelis,12,2,2
Michael St. Michaels,14,0,0
Mehrdad Sedighian,20,2,0
Tony Kendall,57,0,0
Carlo Marks,20,0,0
Susannah York,108,7,3
Tito Furtado,1,0,0
Alec Guinness,63,20,29
Levente Igaz,1,0,0
Casey Siemaszko,73,0,0
Jonathan Daniel Brown,13,4,4
Takahiro Sakurai,344,0,0
Lindsay Pulsipher,45,1,1
Alexandra Borbély,21,2,2
Rene Russo,29,28,5
Trevor Howard,119,14,4
Johnny Knoxville,44,13,0
Gregory Corso,4,0,0
Christine Auten,88,1,0
Wei Wei,46,34,32
Mikael Persbrandt,69,12,4
Paul Whiteman,13,0,0
James Brolin,137,13,8
Craig Hill,93,0,0
Kim Vithana,34,0,0
Nora Gregor,25,0,0
Pascale Hutton,53,4,2
Eriq La Salle,57,18,10
Claudia Gerini,73,21,11
Koji Tsuruta,190,1,1
Robert Tossberg,6,0,0
Layke Anderson,15,13,10
Joan Caulfield,40,1,1
Yu Rong-Guang,83,0,0
Yue-Feng Qiu,1,0,0
Guo Tao,43,4,3
Gabriel Luna,23,1,1
Tor Johnson,49,0,0
John Frazier,2,46,12
Jimmy Carter,1,2,2
Cameron Esposito,14,0,0
Varun Dhawan,18,6,10
Mayuko Iwasa,60,0,0
Vegar Hoel,44,3,3
Don Porter,93,1,0
Yumiko Shaku,57,0,0
Barry Corbin,214,10,10
Vilma Santos,229,35,50
Adrian Țofei,2,7,3
Lee Eung-kyeong,2,0,0
Annabelle Moore,1,0,0
Sergey Chirkov,19,0,0
Satu Silvo,49,1,1
Alain Delon,107,4,11
Betty Balfour,34,0,0
Robyn Buck,11,1,1
Johan H:son Kjellgren,47,1,0
Tatum O'Neal,33,4,4
Anthony Dexter,25,0,0
Carmela Sazio,2,0,0
Tatyana Ali,79,11,7
Archie Panjabi,67,14,7
Gene Evans,157,1,1
Elizabeth Banks,87,35,16
Johnny Depp,91,143,79
Miho Nikaido,23,0,0
Ashton Kutcher,36,40,18
Margi Clarke,26,2,2
Sendhil Ramamurthy,34,0,0
Sean Biggerstaff,26,1,2
Luiz Carlos Vasconcelos,38,8,8
Raimondakis,1,0,0
Jeremy Adams,3,0,0
Brad Ashby,1,0,0
Behzad Khodaveisi,10,0,0
Natalia Álvarez-Bilbao,11,0,0
Gian Maria Volonté,68,8,30
Alessandro Besentini,15,0,0
Dom DeLuise,125,3,4
Swara Bhaskar,23,6,2
Skylan Brooks,25,3,0
John Cusack,85,20,8
Matthijs van de Sande Bakhuyzen,35,4,0
Misato Tanaka,41,0,0
Nicholas Galitzine,7,0,0
Sandra Bullock,57,112,76
Brendon Ryan Barrett,14,1,0
Anders Mossling,20,1,1
Àlex Brendemühl,110,11,10
Francesco Scianna,29,4,4
Freddie Frinton,19,0,0
Patrick Wymark,52,0,0
Villmar Björkman,1,0,0
Rosanna Schiaffino,45,3,1
Hélène de Fougerolles,60,2,1
Tadao Takashima,64,0,0
Blayne Weaver,39,1,10
Rudolf Frecska,2,0,0
Jason Amerine,1,0,0
Banksy,55,26,7
John Laurie,162,0,0
Zdenek Bezusek,1,0,0
Alban Ukaj,20,0,0
Keye Luke,220,1,1
Onur Ünsal,16,1,1
Derek de Lint,99,2,2
Lolita Davidovich,94,5,1
Oldoz Javidi,10,1,0
Jamie Bartlett,24,0,0
Stephen King,24,8,7
Inga-Kai Puskar-Polonski,4,0,0
Jake Macapagal,24,3,0
Chen Song,1,0,0
Emma Caulfield,41,2,4
Lash La Rue,41,1,1
Romain Duris,52,13,5
Rudy Youngblood,12,0,0
Maria Montez,28,0,0
Christian De Sica,88,1,7
Natalya Kudryashova,11,4,4
Béla Fesztbaum,37,0,0
Vincent Zhao,39,1,0
Peter Steele,2,0,0
Oliver Milburn,49,0,0
Mia Farrow,59,24,8
Mylène Farmer,50,1,1
Noémie Godin-Vigneau,21,0,0
Vivian Vaughan,1,0,0
Lisa Eichhorn,67,4,2
Frank Mayo,354,0,0
William McDonald,130,0,0
Adrian Grønnevik Smith,5,0,0
Douglas Ivan,4,0,0
Helge Schneider,32,1,1
Rajinikanth,212,3,19
Hani Furstenberg,21,2,2
Lisa Brenner,45,0,0
Jessalyn Gilsig,50,5,2
Ursina Lardi,44,2,1
Nancy Travis,66,1,0
Robert Pattinson,35,49,42
Zoé Héran,9,2,1
Ivan Urgant,19,7,5
Tomokazu Seki,348,0,0
Antonio Resines,147,12,13
Ricardo Cortez,103,1,1
Sam Smith,52,0,0
John T. Woods,57,3,3
Tova Magnusson,48,2,0
Tim Robbins,73,40,37
William Daniels,120,11,4
Bai Ling,111,2,12
Devon Gummersall,67,1,0
John Flansburgh,9,2,2
Michael Vartan,41,5,0
Kerrigan Mahan,97,0,0
Makio Inoue,79,0,0
Péter Rudolf,86,0,0
Pierre Prieur,4,0,0
Randy Blythe,3,0,0
Vyacheslav 'Slavik' Kryklyvyy,1,0,0
Viktor Stepanov,55,1,1
Maki Sakai,67,1,1
Leslie Fuller,26,0,0
Orlando Bloom,42,27,27
Jeffrey Byron,40,0,0
Chris Messina,58,11,3
Billy Halop,77,0,0
Martin Clunes,85,13,4
Brianna Brown,64,2,4
Leonardo Pieraccioni,19,4,8
Daniel Roebuck,234,2,4
Hatsuo Yamaya,26,0,0
Yahima Torres,1,1,0
Arnobio Salazar Rivas,1,0,0
Dragan Bakema,57,2,0
Luc Picard,56,10,6
Mathias Melloul,7,0,0
Christy Carlson Romano,69,3,4
Marcelo Alonso,32,2,0
Natalia Tena,39,5,5
Gérard Rinaldi,84,0,0
Guadalupe Alonso,1,1,0
Frank Powell,58,0,0
Kim Jansson,7,0,0
Sara Brooks,7,0,0
Jacques Brel,11,1,0
René Liu,32,13,14
Joëlle Miquel,7,0,0
Joel Evans,2,0,0
Bart Klever,97,0,0
Jonah Hill,60,58,9
Lili Damita,36,0,0
Juliette Lewis,90,24,12
Lily Franky,68,5,8
Russell Harvard,14,0,0
Stanislaw Latallo,1,0,0
Windham Beacham,11,0,0
Ed Quinn,51,0,0
Bob McGrath,22,0,0
Matthias Schoenaerts,58,13,16
Prometheus Aleifer,18,2,0
Yevgeni Antropov,12,1,0
Jeanette Roxborough,13,1,1
Tad Hilgenbrink,13,0,0
Michael Stuhlbarg,48,50,12
Sathish Ninasam,15,1,0
Chris O'Donnell,36,6,5
William Phipps,231,1,1
Dominic Monaghan,43,17,11
Brian Bosworth,23,2,0
Forrest Landis,11,1,2
Jeffrey Wright,65,39,14
Beth Riesgraf,35,3,0
Toto Bissainthe,10,0,0
Pelé,10,2,2
Michael Parducci,5,0,0
Van Hansis,17,9,5
Anna Gunn,64,20,5
Morgan C. Jones,44,0,0
Marcin Walewski,12,0,0
Omero Antonutti,84,1,1
Dana Andrews,105,1,1
Jeremy Irons,92,32,30
Kip Pardue,62,1,2
Franco Interlenghi,105,1,0
Antonio de la Torre,113,38,17
Usha Bane,1,0,0
Todd Waring,62,0,0
Kelly Reno,4,1,0
Adam Kaufman,41,0,0
Charlie Creed-Miles,74,1,0
Pipilotti Rist,3,2,1
Ofelia Popii,10,1,1
Lewis McKenzie,5,0,0
Hannah Bailey,2,0,0
Walter George Alton,4,0,0
Martina Stoessel,5,1,2
Eric Lively,29,4,0
Edward Everett Horton,180,1,1
Anders W. Berthelsen,53,15,2
José Luis Manzano,8,0,0
Rachel Bilson,22,5,4
Assen Blatechki,54,1,1
Jonathan LaPaglia,36,3,1
Francesco Mandelli,20,0,0
Kaarina Hazard,18,3,4
Beyoncé Knowles,112,153,68
François Cluzet,104,15,7
Katy Haywood,1,0,0
Frankie Banali,10,0,0
Michael Lombardi,17,0,0
Alessandra Mastronardi,36,3,1
Julian Radlmaier,3,3,2
Tisha Campbell-Martin,57,10,2
Anthony Mackie,65,30,6
Christien Anholt,34,0,0
Ella Raines,29,2,2
Franca Gonella,33,0,0
Kenichi Suzumura,183,0,0
Zhao Jian,1,0,0
Dmitry Brauer,23,0,0
Wes Studi,93,1,8
David Geclowicz,3,0,0
Sandra Hüller,32,17,15
John Hargreaves,58,3,6
Simon Carmiggelt,3,0,0
Patricia Wettig,35,4,4
Christopher Wiehl,67,0,0
Scott Hall,42,0,0
Catherine E. Coulson,16,0,0
Simon Lyndon,49,2,2
Justin Armstrong,14,0,0
Flavio Pistilli,19,0,0
Toma Cuzin,40,2,0
Jelani Cobb,1,1,0
Paul Wing,1,0,0
Pepón Nieto,49,2,3
Alison Folland,26,2,0
"Al Freeman, Jr.",49,6,4
Jesse Lee Soffer,27,5,0
Naomie Harris,44,57,20
Josefine Mattsson,4,0,0
Beverly Roberts,28,0,0
Michael Clarke Duncan,99,16,5
Divine,13,2,2
Robert Powell,75,1,1
Tom Poston,105,5,1
Yoshirô Aoki,48,0,0
Lorna Maitland,3,0,0
Germán de Silva,54,4,1
Ruby LaRocca,72,1,1
Theresa Randle,29,1,0
Paul McCloskey,15,0,0
Kees van Eyck,1,0,0
Dino Strano,32,0,0
Madeleine Robinson,104,3,3
Marie Vinck,30,1,3
Paul Reubens,111,23,9
Peter Facinelli,60,2,1
Chris Beattie,4,1,0
Mark Duplass,45,8,8
Tom Beard,50,0,0
Lemmy,27,0,0
Ally Sheedy,90,12,4
Serhat Tutumluer,20,1,1
Chris Brown,69,48,7
Tino Mewes,68,3,0
Miroslava,30,1,0
Virginia McKenna,61,4,2
Guillermo Díaz,91,7,1
Jeff Conaway,92,3,3
Whoopi Goldberg,175,84,57
Devin Bonnée,28,0,0
Scoot McNairy,76,12,6
Yvette Yzon,11,0,0
Jessica Chastain,54,111,79
Natalya Belokhvostikova,27,2,2
Fakir Musafar,2,0,0
Kedar Williams-Stirling,15,0,0
Robert de Hoog,39,3,3
Barbara Bouchet,96,1,0
Atibou Aboubacar,2,0,0
Mae Whitman,148,30,9
Ma Dong-seok,48,9,1
Molly Malcolm,29,0,0
Daisy Broom,13,0,0
Chris Jarvis,13,0,0
Michael Blodgett,30,0,0
Ryo Kase,88,4,6
Patrick McFadden,15,1,1
Christian Patey,3,0,0
Lea Floden,12,0,0
Austin Stoker,56,0,0
Lola Dueñas,53,11,19
Jesdaporn Pholdee,14,1,0
Germaine Dermoz,67,0,0
Nicolas Brioudes,2,0,0
George Nichols,221,0,0
Frank Zieger,26,0,0
Natalya Pavlenkova,8,3,3
Adolfo Jimenez Castro,1,0,0
Mackenzie Crook,74,3,1
Jean Parker,83,1,1
Park Ji-yeon,7,0,0
Regina Hall,52,7,2
Lauren Lapkus,83,3,3
Michelle Clunie,57,1,1
Eddy Merckx,1,0,0
Albert Préjean,102,0,0
Anna Mouglalis,42,1,1
Meagan Good,76,9,0
Nicholas Gonzalez,85,0,0
Maria Hofstätter,47,3,3
Ion Fiscuteanu,20,1,3
Renée Soutendijk,68,1,4
Dylan Taylor,46,1,0
Olle Sarri,37,2,1
Rebecca Gibney,51,23,6
Dragoljub Aleksić,2,0,0
Wendi McLendon-Covey,75,6,3
Pietro Sibille,33,3,3
Lin Gengxin,2,0,0
Irena Ivanova,1,1,3
Jenny Hanley,27,0,0
Joel McCrea,95,6,6
Lee Ji-ah,12,1,1
Jean-Loup Reynold,15,0,0
Adèle Haenel,33,7,9
Tim McGraw,18,14,4
Jérémie Elkaïm,60,2,4
Randy Russell,6,1,0
Mayim Bialik,55,28,9
Juan José Camero,34,0,0
Zalman King,40,2,1
Max Rhyser,36,1,0
Ana Paula Arósio,26,10,8
Yancy Butler,51,2,2
Martina Ebm,18,0,0
Omar Regan,8,0,0
Malcolm Stumpf,2,1,0
Bobby Vee,1,0,0
Aria Emory,23,0,0
Jan Machulski,97,1,1
Emmy Rossum,43,21,9
Jack Neo,23,4,3
Ghilherme Lobo,10,1,2
Pierre Blanchar,58,2,2
Acquanetta,11,0,0
Luke Wilkins,18,0,0
Lance Sloane,3,0,0
Dan Cortese,41,0,0
Robert Render,31,0,0
Valérie Cantin,6,0,0
Reid Warner,10,0,0
Amber Kuo,30,4,2
Mieczyslaw Czepulonis,1,0,0
Nene Otsuka,73,2,2
Jean-Pierre Marielle,137,8,5
Chris Cunningham,1,3,0
Steve McQueen,6,88,84
Andy Serkis,96,51,39
Roxana Blanco,7,1,7
Mauricio Dayub,46,2,0
Ada Condeescu,8,2,3
Fyodor Dunayevsky,5,0,0
Anthony Starke,60,0,0
Zarah Leander,27,0,0
Antonis Kafetzopoulos,61,5,5
Kenji Yamauchi ,10,2,0
Dolly Davis,52,0,0
Narutoshi Hayashi,27,0,0
Frank Black,226,3,12
John Patrick Jordan,41,0,0
Michaela Kuklová,57,0,0
Lucas Till,39,4,0
Taryn Manning,73,4,3
Stefano Accorsi,59,10,13
Kevin Nealon,82,4,1
Sandrine Battistella,1,0,0
Barlow Jacobs,21,1,1
Joe Don Baker,82,4,1
Sezai Paracıkoğlu,12,0,0
Paul Bosche,6,0,0
Christopher Thornton,30,0,0
Pierre Dux,58,0,0
Goldie Hawn,34,34,21
Stig Frode Henriksen,22,1,1
Loes Luca,36,1,0
Muzaffer Özdemir,6,2,1
La Caita,1,1,1
Rudolf Klein-Rogge,95,0,0
Sola Aoi,37,1,1
Ladislav Jakim,12,0,0
Jean Marchand,38,1,0
Shelby Young,42,0,0
Candace Hilligoss,5,0,0
Jens Hultén,64,0,0
Sam Louwyck,82,5,3
Hyo-jeong Lee,1,0,0
Lysette Anthony,89,1,0
Jean Cocteau,14,4,2
Leslie Cheung,59,19,4
Gilbert Sicotte,60,3,3
Michael E. Knight,31,14,5
Borce Nacev,7,0,0
Perdita Weeks,32,0,0
David Christian Welborn,28,1,1
Yûnosuke Itô,128,1,1
Mustafa Nadarević,123,5,5
Yavuz Bingöl,25,0,0
Jeremy Seifert,1,1,1
Declan Donnelly,8,9,32
Jimmy Wang Yu,87,4,2
Jon Voight,98,35,25
Pierre Étaix,34,5,9
Kent Taylor,151,2,2
Michael Crawford,49,4,1
Lyudmila Gurchenko,95,3,3
Tuppence Middleton,41,0,0
Yvette Chauviré,8,0,0
Dave Bautista,61,2,3
Ebizo Ichikawa,1,0,0
Pascale Ogier,15,1,1
Anthony Therrien,10,1,0
Seret Scott,9,0,0
Allison Paige,29,0,0
Zoe Kazan,30,11,5
Eeva-Maija Haukinen,89,1,1
Diana Bang,49,1,0
Maria Bamford,93,5,5
Nino Manfredi,122,5,27
Sergey Svetlakov,15,6,2
Rachel Boston,51,3,3
Vincent Dubois,26,0,0
Pertti Koivula,47,1,1
Marko Zaror,25,3,1
Ayesha Takia,26,3,3
Jane Levy,27,2,0
Bokeem Woodbine,97,7,2
William McNamara,116,1,1
Daniel Pinchbeck,3,0,0
Ana Golja,30,0,0
Antoine Monot Jr.,102,1,2
Ed Begley Jr.,313,11,3
Grace Johnston,27,1,0
Dave Allen,84,1,0
Veronica Ngo,14,0,0
Meg Tilly,29,8,4
Koki Maeda,32,0,0
Kim Hyang-gi,16,3,1
Jimmy Ritz,19,0,0
Layla Kayleigh,6,0,0
Tim Abell,106,2,2
Emmanuelle Seigner,45,6,2
Kelly Clarkson,40,31,8
Jacek Borusinski,12,0,0
Jet Li,51,15,4
Kirsty Mitchell,53,2,0
Lucy Morton,3,0,0
Rolf Wenkhaus,3,0,0
Larry Sullivan,97,1,1
Julieta Zylberberg,51,6,5
Alex Russell,25,1,1
Moira Kelly,43,1,1
Trine Dyrholm,61,20,21
Kathleen Kinmont,49,0,0
Butch Patrick,59,0,0
Max von Thun,90,1,1
Dominic Rains,56,1,3
Pepper Sweeney,50,0,0
Trent Harris,1,1,2
Yoshiko Okada,50,0,0
Vanessa Hudgens,54,19,5
Chuck Wagner,13,0,0
Ichirō Nagai,235,0,0
Christopher Guest,88,20,9
Miyu Irino,123,0,0
Paul Robeson,12,2,2
Fyodor Lavrov,34,0,0
Kevin Conroy,96,7,6
François Morel,109,1,1
Milt Kahl,1,1,1
Misa Aika,3,0,0
Bryan Cranston,153,87,52
Dustin Milligan,57,3,2
Robert Townsend,42,6,7
Jeff Dunham,20,2,2
Luis Dávila,93,0,0
Tom Hardy,55,77,17
Connor Jessup,14,5,2
Yoko Maki,3,0,0
Alex Ozerov,33,0,0
Julie Andersen,13,4,0
Patricia Reyes Spíndola,121,4,4
Linda Hunt,54,7,11
Jeffrey Tambor,206,36,22
Silas Howard,5,3,7
Brian Dennehy,182,15,5
Kim van Kooten,29,8,4
Vinnie Jones,96,2,3
Paul Lukas,135,6,6
Ai Hashimoto,45,1,1
Christoph Waltz,112,42,84
Erdem Akakce,22,1,1
Guillermo del Toro,17,116,90
Luangsodsai Anupart,3,0,0
Jessica Kaplan,1,0,0
Ernest Borgnine,206,11,18
Vuk Kostić,38,2,2
Stathis Papadopoulos,5,0,0
Frances McDormand,64,86,89
Ron Lipski,7,0,0
Peter Scanavino,31,0,0
Nikolay Stotskiy,21,0,0
Johnathon Schaech,92,2,4
Fanfare Ciocarlia,1,0,0
Katsunobu Ito,29,0,0
Vyacheslav Tikhonov,65,1,3
Richard Dawkins,5,0,0
Takaaki Enoki,89,0,0
Terry Jones,53,5,4
Pete Townshend,8,6,18
Kevin Bacon,91,27,15
Jon Armstrong,1,0,0
Zach Braff,39,43,14
Alberto Casqueiro,1,0,0
Shannon Lucio,55,0,0
Jason Robards,130,20,15
Christel Bodenstein,48,0,0
Robert Bray,128,0,0
Peter Scolari,100,7,3
James Stewart,99,22,27
Michelle Williams,58,135,44
Tinna Gunnlaugsdóttir,15,2,2
Ezra Miller,27,16,11
John Stamos,65,6,8
Frank Molina,9,0,0
Jon Cryer,64,9,6
Michael Che,9,6,5
Anton Corbijn,6,16,17
Jafar Panahi,1,30,44
Bernard Giraudeau,80,5,4
Marie Kremer,56,1,2
Martin Balsam,176,5,3
Yle Vianello,1,0,0
Brandon Carroll,24,0,0
Allen Payne,26,1,0
Ross Lynch,23,4,7
Charles Denner,61,2,0
Karl Urban,48,8,8
J.J. Banicki,7,0,0
Warren Miller,2,1,0
Isuzu Yamada,158,9,9
Michalina Łabacz,4,2,1
Atsuko Okatsuka,25,1,2
Benjamin Christensen,8,0,0
Nanako Matsushima,36,2,0
Ann Sothern,106,9,5
Norman Mailer,9,2,4
Tim Burton,10,72,23
Parviz Parastui,46,1,7
Ingeborga Dapkunaite,72,6,1
Devanny Pinn,69,3,6
Charlie Bewley,24,0,0
Kôjiro Shimizu,26,1,1
Jon Abrahams,55,1,4
Buddy Ebsen,103,3,3
Aaron Eckhart,44,18,8
Luke Wilson,77,4,10
Jodelle Ferland,70,16,1
Poppy Montgomery,35,3,0
Maurizio Casagrande,32,0,0
Rob Zabrecky,49,0,0
Mairi Hronopoulou,47,1,1
Bob Odenkirk,111,40,15
Bill Bailey,32,0,0
D.W. Brown,17,0,0
Eddie Cantor,27,5,5
Anna Magnani,52,7,22
Roy Scheider,88,9,4
Evelyn Glennie,3,2,0
Claudia Christian,142,4,0
Stefan Kurt,77,4,6
Petar Božović,117,1,1
Jane Arden,163,3,2
Martin Compston,50,7,5
J.C. Quinn,78,0,0
Catherine McCormack,42,1,1
Maxwell Perry Cotton,16,1,1
Alexandra Wescourt,7,0,0
Fabrizio Rongione,53,2,2
Firmine Richard,71,3,3
Rahul Bose,39,2,2
Emilia Schüle,48,5,2
Brian Petsos,25,2,2
Janis Joplin,2,1,1
Victoria Almeida,17,0,0
Meika Seri,41,0,0
Molly Crabapple,1,0,0
Louis C.K.,37,85,26
Mónika Garami,3,0,0
Vidya Balan,41,29,38
Chris Carlisle,9,1,0
Pascale Bussières,84,5,4
Dakota Fanning,65,28,17
Michael Gregorio,6,0,0
Catherine Zeta-Jones,41,34,18
Roger Craig Smith,249,12,5
Mindy Cohn,78,8,0
Mariloup Wolfe,22,1,0
Martti Suosalo,102,3,4
Ali Fazal,25,1,1
Riko Narumi,58,1,1
Stanley Fung,129,1,0
Lara Gilchrist,45,1,0
Mads Brügger,3,5,4
Lise Danvers,2,0,0
Francis Lederer,62,2,2
Yosuke Kubozuka,43,9,9
Jean-Baptiste Maunier,14,1,0
Bobby Van,25,0,0
Kim Sae-ron,17,4,4
Julia Sweeney,57,5,3
Barbara Eden,90,5,5
Jeff Anderson,17,1,0
Jeananne Goossen,36,1,0
Elisabeth Harnois,51,2,1
Krista Dzialoszynski,2,0,0
Rolando Ravello,65,3,4
Jacobsson Anton,2,0,0
Kevin Kline,65,34,8
Ruan Lingyu,16,0,0
David Bedella,59,0,0
Dennis Bateman,28,0,0
Eddie Constantine,133,0,0
Deke Anderson,60,2,0
Oren Skoog,33,0,0
George Lucas,9,38,64
Jai Day,30,0,0
Šarūnas Bartas,8,21,11
Tony Ward,27,0,0
Marc Lavoine,44,2,0
Mía Maestro,44,4,2
Charles Hubbell,87,1,0
Barton Bund,24,0,0
Alexandra Chando,17,1,0
Enrico Montesano,73,1,7
Daniela Giordano,38,0,0
Yue Song,2,1,0
Wilfried Klaus,122,0,0
Emma Thompson,82,108,62
Brian Cox,220,23,13
Michael J. Willett,11,1,1
Mehmet Günsür,30,2,2
Daniel Gadi,18,0,0
Elizabeth Hurley,41,4,1
Jack Black,153,48,12
Geert De Jong,53,1,1
Chi Cao,1,1,0
John Cassini,118,9,3
Steve Le Marquand,67,4,1
Greg Lauren,30,0,0
Bruno S.,7,0,0
Eric Foster,5,0,0
Philip Needs,8,0,0
Vicky Harris,13,0,0
Billy Warlock,38,3,1
Johnny Messner,69,1,0
Lee Bane,41,0,0
Tammy Blanchard,51,10,4
Vincent Price,207,3,8
Rodleen Getsic,4,0,0
Mohamed Bellasoued,2,0,0
G. Sacco Albanese,3,0,0
Peter Kurth,73,2,3
Charles Martin Garcia,9,0,0
Dries Van Hegen,41,0,0
Robert McLane,5,0,0
Jazzy De Lisser,8,1,0
Anthony Bourdain,5,32,10
Michael J. Pagan,27,1,0
Miikka Enbuske,1,0,0
Jin Yong Heo,1,0,0
Andrew Garfield,29,81,19
Uma Thurman,64,65,26
Harvey Keitel,154,19,26
Rebecca Romijn,52,9,3
Alejandro Trejo,87,4,4
Agnieszka Grochowska,42,5,7
Luisa Bartolomei,1,0,0
Reverend Billy,3,0,0
Connie Stevens,71,2,6
Yui,36,1,3
Nicole Ari Parker,53,11,2
Janine Duvitski,77,0,0
Hale Appleman,10,1,1
Cathy Lee Crosby,37,0,0
Maynard Eziashi,23,1,1
Regine Nehy,13,0,0
Yaroslav Chevazhevskiy,3,1,0
Jenna Elfman,59,18,4
Yuriy Kutsenko,97,6,2
Pete Holmes,27,1,0
Albert Finney,65,53,32
Nathan Stephenson,22,0,0
Damian Lau,56,2,0
Rainer Werner Fassbinder,42,16,26
Robert Morse,73,17,4
Hugo Koolschijn,63,0,0
David Lawrence,3,0,0
Ashley Gallo,6,0,0
Malu Mader,42,7,2
Maksim Shtraukh,35,4,4
Frederick Schmidt,20,1,0
Hideaki Anno,15,3,10
Daniel Buder,25,0,0
Pierre Mondy,162,0,0
Young-hoon Lee,17,1,1
Marcia Gay Harden,107,33,12
Deborah Foreman,25,0,0
Lori Cardille,13,1,1
Stephanie Jones,7,0,0
David Hayter,60,5,1
Shlomo Bar-Aba,15,1,1
Don Sparks,52,0,0
Dorothy Dwan,39,0,0
Paulo César Peréio,125,5,5
Stefanie Butler,22,0,0
Shirley Knight,183,18,8
Taron Egerton,17,6,2
Chisato Morishita,26,0,0
Annunziata Gianzero,18,2,2
Massimo Foschi,36,0,0
Richard Derr,80,0,0
Emily Booth,26,0,0
Andrew Cisneros,3,0,0
Aley Underwood,5,0,0
Woody Allen,48,213,136
Karl Glusman,19,0,0
Aldo Ray,113,2,2
Kristian Halken,84,4,0
Doudou Gueye Thiaw,1,0,0
Ian Bagg,12,0,0
Scott Haze,36,4,11
Nan Yu,34,7,8
Keisuke Sonoi,29,0,0
David Schofield,124,0,0
Julia Volpato,1,0,0
Ebru Ceylan,2,5,3
Jill Larson,32,5,0
Ryan McPartlin,54,0,0
Mark Borchardt,35,0,0
Stephen Macht,94,0,0
Chris Wedge,23,8,6
Charlotte Greenwood,36,0,0
Vera Karalli,18,0,0
Xiao Shen Yang,16,0,0
Soumitra Chatterjee,276,4,4
Keiko Sakurai,2,0,0
Egor Beroev,39,2,0
Summer Glau,36,5,4
Jerry Trimble,48,1,0
Léa Seydoux,41,30,16
Beto Benitez,15,0,0
Veera Bahu,4,1,0
Douglas Spain,67,2,8
Nicholas G. Cooper,20,0,0
Inga Landgré,89,0,0
Michael A. Nickles,28,1,2
Jasper Steverlinck,2,0,0
Francesca Eastwood,21,2,2
Yannick van de Velde,28,3,3
John Johnson,101,3,2
Ann Eleonora Jørgensen,32,3,4
Allan Corduner,131,3,0
Robin Thomas,136,1,1
Lene Bragli,18,0,0
Mark Chao,16,5,4
Virginie Efira,38,5,3
Stephen Merchant,43,43,15
Marilyn Buferd,27,0,0
Jackson Beck,252,0,0
Erik McDowell,11,0,0
Colm Wilkinson,7,4,3
Georgina Terry,10,0,0
Semyon Strugachyov,37,1,1
Atte Blom,7,0,0
Joan Allen,47,64,36
Sacha Baron Cohen,48,38,25
Laurence Leboeuf,42,11,2
Pongsatorn Sripinta,5,0,0
Barbara Steele,68,2,2
Amy Steel,44,0,0
Kyle McCulloch,19,4,2
Marie Bos,4,0,0
Danièle Huillet,4,4,5
Jean-Claude Drouot,74,0,0
Dorothy Lamour,71,1,3
Michael Dudikoff,61,0,0
Richard Farnsworth,89,15,13
Brit Marling,14,13,4
Adamo Ruggiero,15,5,0
Marcelo Faria,35,1,1
Corbin Allred,44,3,0
Maria Abadi,28,3,1
Timotei Duma ,2,0,0
Eva Green,23,20,6
Kathy Uyen,16,0,0
Dave Johns,18,3,4
Laura Christensen,44,5,2
Gerry Adams,1,0,0
Dennis Hopper,204,17,25
Evi Saoulidou,10,2,2
Masataka Kubota,83,0,0
Peter Boyle,95,25,4
Zbigniew Zapasiewicz,76,1,4
James Blicq,1,0,0
Taylor Nichols,93,0,0
Blair Brown,90,10,4
Valentina Titova,75,0,0
Yossi Yadin,17,0,0
Ibrahim Ahmed,3,1,1
Tanya Roberts,41,3,0
Minami Takayama,176,0,0
Arta Dobroshi,11,4,3
Leo Fitzpatrick,62,0,0
Kathryn Grayson,26,1,1
Harry Hill,13,11,6
Christa Campbell,61,0,0
Eric Clapton,13,17,11
Fabrice Luchini,83,14,4
Radha Mitchell,67,13,21
Bel García,57,38,36
Renzo Montagnani,107,0,0
Charlotte Brittain,4,0,0
Gaspard Augé,3,1,0
Paulus Manker,43,3,4
Stacy Keach,211,9,7
David Giuntoli,33,0,0
Isabella Rossellini,87,17,12
Saffron Burrows,65,3,0
Robert Foxworth,101,2,0
Matt Foyer,5,0,0
Brendan Fletcher,121,10,8
Thomas Schubert,15,2,2
Claudio Santamaria,57,11,9
Viktor Tsoy,3,1,0
Julian Barratt,50,3,0
Johannes Riemann,119,1,1
Alessio Boni,62,6,8
Marc-André Grondin,40,5,4
Raf Vallone,95,1,1
James Van Der Beek,62,3,5
Nancy Nash,7,0,0
Rhonda Bell,2,0,0
Marshall Efron,56,0,0
Zoey Deutch,25,2,1
Ana Serradilla,41,1,1
Natalie Gregory,26,1,0
Jeremy Clyde,106,0,0
Michael York,166,5,6
Danny DeVito,131,39,14
Paul Tripp,45,0,0
Miyuki Sawashiro,306,0,0
Janine Reynaud,30,0,0
Keizô Kawasaki,70,0,0
Michel Blanchard,60,2,1
Caren Kaye,42,0,0
Konstantin Kryukov,34,1,0
Tamer Levent,25,1,1
Anders Jansson,19,0,0
Clarence Williams III,108,5,0
Vince Offer,5,0,0
Sofia Helin,30,4,2
Willa Holland,21,1,1
Morris Chestnut,51,5,2
Joshua Homme,25,0,0
Malin Ek,16,4,4
Suzy Aitchison,28,0,0
Ken Bradshaw,29,0,0
Annabelle Larsen,13,0,0
Emiko Aizawa,1,0,0
Guillaume Gouix,53,5,3
Anne Sparrow,1,0,0
Zak Hudson,4,0,0
Miki Mizuno,88,0,0
Marion Barry Jr.,1,0,0
Megumi Kobayashi,16,0,0
Andrew Ray,63,0,0
Chelsea Peretti,33,5,0
Thomas White,27,0,0
Art Garfunkel,15,2,2
Jennifer Beals,82,12,8
Dervla Kirwan,54,4,6
Jonathan Bennett,68,3,2
Ted Eccles,44,0,0
Victor Webster,79,0,0
James Kyson,111,0,0
Cameron Daddo,86,1,2
Ilya Noskov,27,0,0
C.J. Thomason,17,0,0
Billy Brown,51,1,0
Robin Mackay,1,0,0
Aamir Khan,51,46,35
Sie Kohinata,5,0,0
Ashok Saraf,180,0,0
Crispin Glover,69,3,3
Hamza Adam,12,0,0
Sarah Braveman,1,0,0
Franz Dinda,63,2,2
Eleanore Pienta,41,3,3
Béla Fleck,1,1,1
Gabriella Pallotta,26,2,1
Trevor Peacock,120,0,0
Michael T. Weiss,50,4,2
Patricia Charbonneau,48,1,0
Jane Adams,66,6,4
John Howard Davies,6,7,1
Missy Peregrym,32,10,2
Thomas Haden Church,66,21,30
Keir Gilchrist,49,1,0
Felix Ward,1,0,0
Cate Blanchett,70,187,152
Tom Drake,132,0,0
Margaret Singer,7,0,0
Anne-Marie Mallik,1,0,0
Mark Kassen,22,2,1
Andrés García,125,1,1
Verónica Gerez,3,2,2
Anu Sinisalo,49,1,4
Gabriel Casseus,45,2,0
Marshall Allman,59,0,0
Jean Muir,34,1,1
Issei Ogata,54,6,0
Shannen Doherty,72,12,3
Piotr Garlicki,35,0,0
Donatas Ivanauskas,3,0,0
Elizabeth Cartier,3,0,0
Ida Lupino,105,5,10
Veronica D'Agostino,4,1,1
Adriene Mishler,19,0,0
Antoni Pawlicki,38,2,2
Nur Sürer,47,1,4
Fay Masterson,88,0,0
James Cosmo,203,1,3
Frank Stallone,74,2,2
Samira Saraya,9,1,1
Rory Finn,5,0,0
Alanna Chisholm,4,0,0
Bowen Dong,3,0,0
Dwayne Perkins,25,0,0
Isabel Abreu,54,8,3
Tamlyn Tomita,128,3,4
Faye Dunaway,115,36,24
John Cameron Mitchell,34,34,28
Angela Winkler,57,4,4
Tim Boardman,4,1,1
James A. Marcus,117,0,0
Silke,21,1,2
Wojciech Pokora,48,0,0
Elaine Paige,21,1,0
Hrithik Roshan,36,27,33
Mahershala Ali,43,30,58
Rick Lens,11,1,1
John Hennigan,77,1,0
Chen Kuan-Tai,146,0,0
Sukhesh Arora,3,0,0
Lawrence Cook,37,1,0
Amy Beth Hayes,26,0,0
Dick Van Dyke,80,19,20
Nikita Mikhalkov,48,32,35
Quincy Jones,11,31,26
Balthazar Getty,59,6,0
Masahiro Takashima,81,5,5
Mark Holton,45,0,0
Chris Pratt,50,32,16
Jean Barney,108,0,0
Ivory Stone,1,0,0
Chris Wylde,52,1,1
David Rakoff,5,0,0
Gong Li,35,17,23
Attila Králik,1,0,0
Stacey Nemour,2,0,0
Larry B. Scott,64,0,0
Will Patton,105,2,0
Timothy Bottoms,121,4,4
William B. Davis,129,3,2
Danica McKellar,96,6,5
Kaan Girgin,19,1,1
Will Chase,45,0,0
Herwig Ilegems,35,0,0
Peter Paige,33,1,2
Benito Pocino,19,1,1
Ashley Grace,29,0,0
Dean Martin,69,18,7
Susan Penhaligon,59,0,0
Gayle Garfinkle,26,0,0
Júlio Andrade,57,4,10
Salman Khan,124,40,28
Ray Chang,40,0,0
Münir Özkul,198,0,0
Michel Joelsas,12,4,0
Tynan DeLong,11,0,0
Chace Crawford,26,4,4
Andrea Checchi,179,3,3
Bradford Tatum,45,0,0
Aya Kiguchi,13,0,0
Morena Baccarin,46,13,3
Kaia Foss,5,0,0
Fernando Becerril,106,0,0
Hideki Sasaki,4,0,0
Melonie Diaz,44,5,0
Peter Sarsgaard,59,33,15
Jana Plodková,36,3,1
Nathan Rice,12,0,0
Paul Mantee,124,0,0
Bernard Blier,186,1,2
Terry-Thomas,118,2,1
George Griffith,16,2,0
Marie Liljedahl,9,0,0
Kaori Yamagata,16,0,0
Tatyana Aksyuta,11,0,0
Alex Barnett,1,0,0
Ethan Embry,97,5,1
Sven Wollter,99,1,5
Juliette Danielle,17,0,0
Inka Friedrich,60,2,2
Cornel West,7,0,0
Mel Gibson,61,41,43
George Hamilton,120,6,4
Jung Yoon Lee,1,0,0
Vonetta McGee,42,1,0
Ian Sera,8,0,0
Mikako Ichikawa,60,1,4
Jerry Seinfeld,25,43,20
Veerle van Overloop,6,0,0
Laura La Plante,93,1,1
Maynard James Keenan,15,0,0
Claira Watson Parr,14,0,0
Bruce MacDonald,10,30,27
Chase Williamson,41,1,2
Atticus Cain,10,0,0
Richard Crane,134,0,0
Nicole Oliver,214,14,3
Marta Milans,25,1,1
José Coronado,93,10,14
Laurene Landon,39,1,1
Jason Day,29,0,0
Eva Henning,30,0,0
Paige O'Hara,22,2,0
Dee Wallace,241,6,6
Tanna Frederick,22,1,1
Kamal Haasan,255,22,48
Aaron Pedersen,44,5,5
Bellamy Young,71,1,2
Jemaine Clement,50,26,28
Brian Posehn,116,3,3
Brent Briscoe,92,0,0
Toygun Ates,27,0,0
Junko Takeuchi,121,0,0
Lino Banfi,125,2,2
Randy Orton,54,0,0
Anthony Rogers,7,0,0
Charles Kissinger,7,0,0
Casey Heflin,10,1,0
Michelle Yeoh,51,19,7
Skip Lipman,11,0,0
Anushka Sharma,22,21,10
Kim Hye-na,21,1,1
Belén Cuesta,36,5,2
Rebecka Hemse,39,0,0
Philip Carey,96,4,0
Antonio Sabàto,43,2,2
Nadine Nortier,2,0,0
Yunjin Kim,23,18,6
Vahina Giocante,39,0,0
Joanna Going,61,2,0
Peter Ferdinando,43,1,1
Galina Vishnevskaya,7,4,4
Glenn Ford,109,10,7
Aadhi,17,2,2
Tamás Szabó Kimmel,19,0,0
Tia Carrere,101,7,3
Anna Germ,7,0,0
Richard Harris,77,16,12
Vlatko Dulić,60,0,0
Steve Coogan,118,46,16
Zhengwu Cheng,4,0,0
Patricia Pillar,42,7,13
Phyllis Davis,44,0,0
Karrueche Tran,18,3,5
Chad Lowe,68,2,3
Marta Etura ,41,19,7
Alain Emery,4,0,0
Lise Delamare,47,0,0
Kitana Kiki Rodriguez,1,6,1
Skye McCole Bartusiak,42,2,1
Oliver Sacks,1,1,1
Barry Hilton,4,0,0
Haley Ramm,56,4,0
Amari Cheatom,25,1,0
James Hetfield,39,1,0
Angel Aquino,84,13,6
Christian Blümel,65,0,0
Masaki Okada,60,3,4
Cole Pennsinger,4,0,0
Ron Leibman,52,3,4
Ruggero Raimondi,32,1,0
Yadollah Anvari,1,0,0
"Louis Gossett, Jr.",195,23,16
Nick Sommer,13,1,0
Ayaka Komatsu,50,0,0
Émilie Dequenne,44,13,13
Kate Hudson,39,37,18
Margaret Sullavan,21,2,4
Sharon Matt,6,0,0
Maria Kawamura,98,0,0
Robert Gonera,75,1,1
Afrika Bambaataa,6,0,0
David James Elliott,73,2,1
Maritta Viitamäki,11,0,0
Utkarsh Ambudkar,47,0,0
Andrea Černá,18,3,0
Luis Buñuel,12,28,39
Art Neill,3,0,0
Véronique Fauconnet,12,0,0
Alec Su,37,2,4
Algenis Perez Soto,5,1,0
Susanne Sachße,40,0,0
Tom Tryon,40,2,1
Parminder Nagra,42,7,2
Cary Grant,77,20,13
Kristi Casey,2,0,0
Rhys Darby,254,8,12
Lolita Torres,31,0,0
Mekhi Phifer,67,14,5
Eryk Lubos,76,1,3
Elyas M’Barek,55,4,10
Victoria De Mare,110,0,0
Robert Davi,154,1,8
Piotr Jagielski,4,0,0
Hilmir Snær Guðnason,49,2,3
Giovanna Mezzogiorno,35,24,27
Mary-Kate Olsen,53,9,10
Seamus O'Brien,2,0,0
Li Bingbing,30,10,6
Artur Żmijewski,58,1,1
Danila Kozlovsky,36,10,5
Sydney Arnold,70,0,0
Jamie Kastner,1,1,0
Tommy Kelly,19,0,0
Ebbie Tam,5,1,1
Luis De Jesus,3,0,0
Patrick McConnell,4,0,0
Max Pomeranc,5,2,1
R. L. Burnside,1,1,0
Behzad Dorani,6,0,0
Samuel West,77,2,1
David Thornton,70,2,2
Harry Piekema,16,0,0
Kristian Leth,7,1,0
Marte Germaine Christensen,17,0,0
Ferec Bandi,1,0,0
David Anders,33,2,2
Kara Hayward,14,14,2
Bryce Dallas Howard,36,26,19
Johannes Krisch,56,1,1
Rachel Korine,11,1,0
Peter Lee Lawrence,29,0,0
David Gilmour,1,1,0
Giannina Facio,25,1,0
Sam Riley,22,10,7
Leslie Bais,3,0,0
Luis Tosar,105,28,38
Devon Werkheiser,38,3,0
Ali Cobrin,23,0,0
Sasha Pieterse,25,5,4
Juana Acosta,56,2,4
Kostas Voutsas,143,2,1
Emilio Estevez,47,11,4
John Standing,150,0,0
Josh Pence,35,5,4
Ricky Cheng Tien-Chi,41,0,0
Meghan Ory,41,1,0
Maja Ostaszewska,34,2,5
Machiko Kyô,87,6,6
Phillip Sacramento,17,0,0
Wentworth Miller,29,14,2
Colm Feore,151,11,6
Bill Barretta,68,4,2
Damián Alcázar,120,7,26
Bunta Sugawara,197,6,6
Kim Delaney,55,21,4
Kelly Stables,56,1,0
Anne Raitt,38,0,0
Michelle Dockery,31,15,7
Michael Covert,9,0,0
Iina Kuustonen,31,3,1
Danilo 'Bata' Stojković,167,1,1
Zoë Bell,39,10,5
Heidi M. Sallows,1,0,0
Svenja Steinfelder,1,0,0
Khatra Ould Abder Kader,1,0,0
Ireneusz Czop,60,1,0
Jackie Shroff,246,4,4
Yui Aragaki,36,1,3
Adam Astill,48,1,0
Silvio Orlando,55,25,13
Hiroko Yakushimaru,67,5,12
Sumiko Kurishima,119,0,0
François Arnaud,29,1,1
Chen Alon,7,0,0
Leo Fuchs,26,0,0
Beatrice Pearson,4,0,0
Sharon Omi,65,1,1
Mark Polish,14,1,1
Greg Germann,114,4,1
Frank Langella,101,45,12
Fiona Fullerton,25,0,0
Cha Seung-won,33,1,2
Winston Hibler,4,2,1
Samuel Schneider,21,1,1
Anthony Newley,78,2,2
Andrew McNee,30,1,0
Derek Brandon,17,0,0
Stephen Geoffreys,1,0,0
Kat Graham,39,8,2
Cate Beehan,13,0,0
Vera Pap,61,1,1
Kadeem Hardison,90,3,3
Nelly Frijda,61,0,0
Elizabeth Maclellan,7,0,0
Jung Suh,6,2,2
Zhou Xun,54,37,25
Anikó Iván,1,0,0
Mani Haghighi,12,19,12
Daniel Brühl,71,27,24
Artur Smolyaninov,50,4,1
Ellen van der Koogh,6,0,0
John Melendez,16,0,0
Debra Sweaney,2,0,0
Emily VanCamp,27,13,3
Hayden Christensen,35,19,10
Klas-Gösta Olsson,12,0,0
Kelli Berglund,17,0,0
Megan Edwards,13,0,0
Colm Meaney,122,8,9
William R. Moses,129,0,0
Jörg Pleva,99,0,0
Carlo DeFilippi,2,0,0
Richard Falkner,10,1,0
Kirsti Wallasvaara,27,0,0
Mirlan Abdykalykov,4,3,6
Dave O'Brien,244,2,3
Selma Blair,77,5,4
Guillaume Lemay-Thivierge,56,3,0
Rufus Sewell,63,6,0
Kyle Mooney,55,0,0
Hsiao Ho,40,0,0
Reikichi Kawamura,159,1,1
David Weidoff,11,0,0
Andrew Airlie,138,2,0
Ondina Quadri,4,3,3
Keiju Kobayashi,212,8,8
Peter Paul Muller,55,3,2
Brian Eno,1,5,3
Stephen Young,80,0,0
Shin'ichi Himori,101,0,0
Lucien Dodge,152,5,3
Kattia González,5,2,2
Odysseas Papaspiliopoulos,28,1,1
Calvin Tuteao,37,0,0
Sara Malakul Lane,34,1,1
Carlos Echevarría,26,0,0
Laszlóné Horváth,1,0,0
Filip Šovagović,65,3,3
Salvatore Ficarra,11,4,3
William Ash,54,0,0
Astrid Bergès-Frisbey,19,2,2
Marian Araujo,8,0,0
Deanna Oliver,24,3,0
Jakob Salvati,11,1,0
Sara Baras,1,0,0
Ton Kas,55,3,2
Alok Kumar,6,0,0
Michael Landon,59,5,8
María Valverde,35,3,7
Mateusz Banasiuk,32,0,0
Irina Björklund,63,4,3
Olivia de Havilland,60,9,15
Romy Schneider,63,14,9
Roseanne Barr,30,38,19
Nathawan Woravit,2,0,0
Omar Sy,65,7,8
Jared Padalecki,22,16,2
Jean-Paul Comart,98,1,0
Papa Wemba,4,1,1
Isaach De Bankolé,69,1,3
Donald Agnelli,22,0,0
Danny Dyer,86,6,2
Edmund Gwenn,95,2,4
Stephen Rannazzisi,23,0,0
René Lavan,28,1,0
Aldo Baglio,21,2,2
Erin R. Ryan,34,0,0
Ruth Wilson,27,13,2
Gigi Lazzarato,5,1,1
Don Adams,38,3,5
Michelle Chen,25,9,5
Aleksey Glazyrin,20,0,0
Kevin Bridges,2,1,0
Don Knotts,87,10,9
Bridgette Andersen,21,4,0
Sylvia Anderson,15,0,0
Vladislav Galkin,48,4,3
Scott Aaronson,7,0,0
Reese C. Hartwig,20,2,1
Norman England,20,0,0
David Lynch,25,70,56
Lærke Winther Andersen,44,2,0
Anna Geislerová,83,6,11
Tiffany Bolling,36,0,0
Shirley Mills,33,0,0
Marianna Palka,30,6,2
Alan David,102,0,0
Bjarne Henriksen,100,5,0
Hugo Arana,107,5,3
Tomoko Kaneda,77,0,0
Jeff Foxworthy,19,9,2
Sebastian Gregory ,14,1,0
Verónica Forqué,81,6,19
Matilda Anna Ingrid Lutz,14,0,0
Nicholas Tse,55,11,9
Bruno Gagliasso,37,12,8
Shirley Jones,110,18,7
Atul Kulkarni,91,8,5
Tracey Walter,176,2,2
André Hazes,1,0,0
Matthew Espinosa,5,0,0
Michael Peña,89,7,13
Frédéric van den Driessche,78,0,0
Autumn Brooke Wilkins,1,0,0
Helmut Griem,80,1,2
Felix Gomez,1,3,3
Héctor Medina,14,0,0
Natalie Floyd,14,0,0
Trae Ireland,83,0,0
Robin Phillips,24,0,0
Grete Havnesköld,9,0,0
Mavie Hörbiger,55,3,1
Edna de Cássia,1,1,1
Simon MacCorkindale,65,3,1
Lisa Rieffel,34,4,0
Jesco White,5,0,0
Timur Bondarenko,1,0,0
Adriana Paz,41,4,4
Volker Spengler,40,0,0
Marion Davies,51,1,1
Nadim Sawalha,114,2,2
Ernie F. Orsatti,24,0,0
Brian Hooks,53,1,0
Will Ferrell,107,72,14
Janet Wood,50,0,0
José Andrade,1,0,0
Nakia Burrise,47,0,0
Gregory Dayton,22,0,0
Ivana Baquero,19,10,10
Audrey Tautou,45,20,12
Greg Kinnear,69,20,13
Gary Kent,50,1,0
Kaitlyn Maher,14,0,0
Carolina Ramírez,13,0,0
Jonathan Da Rosa,5,1,0
Brandon Baker,17,1,1
Adele Jergens,72,1,1
Chris Renaud,10,18,2
Nobiko Sawa,2,0,0
Cathryn Michon,6,0,0
Marco Nanini,55,9,9
Jānis Amanis,1,1,1
John Beers,3,0,0
Jean-François Stévenin,193,1,2
Thomas Meighan,83,1,1
Antoine-Olivier Pilon,18,2,6
Eddie Murphy,56,73,33
Jeanne Moreau,146,10,22
Yuya Yagira,41,2,5
Chris J. Murray,10,0,0
Yoshizaburo Arashi,5,0,0
Shawn Christian,66,1,0
Arlette Mirapeu,5,0,0
Pelle Heikkilä,25,0,0
Daniele Drobny,1,0,0
Steven Ritch,46,0,0
Ed Harris,103,51,32
Glenn Gould,53,2,2
Shai Avivi,38,2,1
Hinnerk Schönemann,105,4,3
Paul Kelman,27,0,0
Borivoje Todorović,111,1,1
James Lafferty,21,4,0
Constance Towers,68,2,0
Amanda Seyfried,53,17,7
Nutsa Habulava,1,0,0
Daniel Usaj,15,0,0
Austin Hébert,20,0,0
Shawn-Caulin Young,46,0,0
David Silva,124,2,1
Irene Richards,22,0,0
Tadanori Yokoo,3,0,0
Brent Gorski,5,0,0
Andrej Lunusjkin,1,0,0
Rebecca Breeds,17,2,0
Barry Watson,37,7,1
Imanol Arias,93,41,24
Maurice Luijten,3,0,0
Matthew C. Vaughan,23,0,0
Vincent Regan,98,1,1
Jung Woo,20,1,2
Jack Reynor,24,4,6
Clare Kramer,39,0,0
Josh Cooke,75,1,0
Tom Burke,53,0,0
Yōsuke Akimoto,107,0,0
Bong Tae-gyu,23,1,1
Jo Yeo-jeong,14,5,3
Brian Narelle,6,0,0
James Arness,47,4,8
Azize Diabate Abdoulaye,8,0,0
Emmanuelle Chaulet,9,0,0
Louis Williams,87,0,0
Lee Kang-Sheng,35,13,16
Emily Grace,3,0,0
Igor Fomchenko,1,0,0
Steven Drozd,8,1,0
Gracita Morales,105,1,1
Déborah Révy,12,0,0
Anika Noni Rose,50,21,6
Tiffani Thiessen,47,6,0
Catalina Sandino Moreno,31,12,18
Nancy McKeon,44,6,5
Ulli Lommel,93,2,0
Wings Hauser,114,1,0
Avalon Barrie,5,0,0
Neel Sethi,2,6,0
Samata Das,5,0,0
Richard Pawulski,2,0,0
Markus Krojer,14,1,1
Mark Gil,195,14,4
Ludovico Tersigni,6,1,1
Franky G,33,1,1
Ted Jan Roberts,17,0,0
Robert Lepage,17,16,15
Richard Stanley,78,0,0
Anna Moffo,17,0,0
Vittorio Mezzogiorno,69,5,5
Elizabeth Davis,9,0,0
Cedric the Entertainer,75,15,10
Colin Clive,18,0,0
Akira Ishihama,51,0,0
Bill Murray,87,79,54
Aiko Nagayama,38,0,0
Huie Rogers,33,1,1
Michelle Meyrink,10,0,0
Jane Brady,1,0,0
Jörn Donner,24,5,8
Konami Yoshida,56,0,0
Yevghenia Filonova,3,0,0
Dennis O'Keefe,278,0,0
Greer Garson,45,8,10
Jackie Mason,21,4,3
Marcel Bozzuffi,96,0,0
Yukie Nakama,77,2,0
Emerson Collins,6,17,17
Edna Purviance,40,0,0
Henry Cele,18,0,0
Ti Lung,124,4,6
Yasunori Irikawa,24,0,0
Lynn Hershman Leeson,1,3,4
Willa Ford,13,0,0
Rita Suomalainen,2,0,0
Lee Seung-yeon,2,0,0
Saskia Rosendahl,22,3,5
Tiina Weckström,43,1,1
Mircea Diaconu,65,1,0
Patrick Muldoon,78,2,2
Jane Asher,104,3,1
Robert Culp,170,5,1
Margit Evelyn Newton,18,0,0
Paolo Villaggio,83,2,8
Ivan Massagué,48,0,0
Jiří Suchý,24,0,0
Lewis Rainer,22,0,0
Ahidjo Mahamat Moussa,1,0,0
Ana Turpin,25,2,2
Hidetaka Yoshioka,83,4,5
James Olson,94,0,0
Edmund Moeschke,1,0,0
Hideaki Nitani,108,0,0
Kristy Swanson,85,6,1
Ryosuke Yamada,22,1,1
Luis Brandoni,96,8,3
Ruslaan Mumtaz,15,0,0
Fred Savage,50,16,13
Manuel Broekman,33,0,0
Ole Lemmeke,37,3,3
Diane Conti,3,0,0
Cuba Gooding Jr.,85,43,17
Katherine Randolph,34,0,0
Gina Philips,48,0,0
Amos Poe,6,2,0
Lewis Smith,40,0,0
Regina Orozco,37,3,1
Sonja Richter,44,10,3
Elise Lhomeau,13,0,0
Junko Miyazono,46,0,0
Zbigniew Rola,4,0,0
Shareefa Daanish,14,1,1
Greg Benson,43,0,0
Liya Kebede,12,1,1
James Westmoreland,36,0,0
Jonathan Brandis,48,7,1
Gaku Hamada,81,0,0
Carlos Hipólito,70,7,3
Hikari Mitsushima,56,5,6
Robert Arkins,6,0,0
Trevor Heins,17,0,0
Jennifer Hetrick,46,0,0
Matt Salinger,34,0,0
Richard Davidson,30,0,0
Dennis Miller,25,34,10
Renato Rossini,77,0,0
Joonas Saartamo,40,2,2
Saoirse Ronan,29,136,64
Krzysztof Dzierma,5,0,0
Ben Mendelsohn,81,31,12
Moon So-ri,31,7,13
Jim Ward,280,9,1
Xavier Samuel,34,4,3
Zelda Rubinstein,55,3,1
Victor Rasuk,39,8,0
Andrew Bowser,20,2,1
Bonnie Somerville,52,0,0
Tim Meadows,83,2,2
Karel Schleichert,81,0,0
Gavin Brown,3,1,5
Hollis Frampton,1,0,0
Bruce Abbott,35,0,0
Lee Horsley,32,2,2
Dale Midkiff,67,1,5
Mike Myers,52,43,29
Kim Anderzon,59,1,1
David Janssen,99,7,6
Jon Briddell,123,3,3
Bruce Willis,119,38,22
Elizabeth Kaitan,39,0,0
Miroslav Caslavka,2,0,0
Robin Clarke,27,0,0
Anshuman Jha,17,0,0
Alice Eve,43,0,0
Rupert Reid,31,4,4
John Belushi,13,6,2
David Beckham,7,1,1
Grey Griffin,547,41,10
Michael Paré,153,1,6
Amel Hedhili,7,2,2
Björn Starrin,9,1,0
Vanessa Kirby,26,6,2
Viola Dana,111,1,1
Alexandra Daddario,54,5,1
Mala Powers,81,2,2
Callum Keith Rennie,132,12,10
Stéphanie Touly,3,0,0
Lenore Zann,103,0,0
Ryan Steele,7,1,1
Anjali,38,3,6
Vlatka Simac,7,0,0
Tusshar Kapoor,37,5,5
Angeliki Papoulia,13,2,1
Robert Sterling,88,1,1
Lindsay Shaw,1,0,0
Atta Yaqub,27,1,0
Florence Hartigan,17,0,0
Kåre Hedebrant,4,4,1
Boyd Holbrook,33,2,1
Paul Dahlke,198,1,1
Mohit Ahlawat ,6,0,0
Bobbi Sue Luther,20,1,1
Stanley Tucci,127,55,30
F. Murray Abraham,120,12,9
Kestie Morassi,36,2,1
Brad Norman,7,0,0
Dagmara Domińczyk,37,1,1
Michael A. Miranda,85,1,0
Eamonn Owens,21,4,4
Ron Shahar,13,0,0
Chandrakant Kulkarni,2,1,1
Jürgen Prochnow,135,1,6
Evan Todd,10,0,0
Jack Betts,101,1,0
Constance Bennett,68,1,1
Vincent Croiset,44,0,0
Vincent Gallo,45,15,7
Terence Hill,82,4,7
Booboo Stewart,91,1,2
Conor McCarron,11,2,2
Esa Nikkilä,2,0,0
Said Mohamadi,2,0,0
Krisha Fairchild,28,2,2
Roy Haylock,7,1,1
Agata Buzek,42,2,3
Lar Park Lincoln,22,0,0
Maria Schell,100,6,17
Olivia Bonamy,39,1,1
Howard Berger,9,25,14
Errol Flynn,65,1,5
Tina Engel,71,1,1
Carlo Boszhard,11,1,1
Johnny Trí Nguyễn,31,2,0
Grigoriy Dobrygin,12,1,2
Ari Graynor,43,1,1
Jarkko Niemi,47,0,0
Risto Tuorila,43,1,1
Bryan Fisher,16,0,0
Arnold Vosloo,77,1,1
Rollin Perry,20,0,0
Mina Orfanou,3,1,1
Duane Jones,8,0,0
Jan Kounen,10,1,2
Ian Roberts,77,9,2
Mitch Hedberg,8,0,0
Adrienne Bailon,36,2,1
Piotr Fronczewski,125,1,0
Will Burke,15,2,0
Amy Johnston,31,0,0
Calvin Lee Reeder,14,5,3
Eileen Brennan,126,11,3
Rob Lowe,98,19,10
Hillary Clinton,2,1,1
Scott Caan,46,6,3
Judi Dench,125,174,63
Poppi Monroe,9,0,0
Sabrina Ouazani,67,2,2
Alessandro Siani,12,5,5
José Gras,13,0,0
Allan Hawco,27,3,0
Gerhard Richter,1,0,0
Jackie Gleason,44,13,7
Jonas Ball,17,0,0
Jack Warner,39,0,0
Ivan Trojan,65,6,10
Gunvor Sandkvist,19,0,0
Kathryn Fiore,41,0,0
FM Einheit,3,0,0
Baek Jong-hak,10,0,0
Elmer Bäck,19,1,0
Maeve Quinlan,44,1,0
Charlie Sheen,85,24,5
Madeleine Martin,15,1,2
Cecilia Roth,85,14,17
Sverre Hansen,81,1,1
Ferhan Şensoy,24,0,0
Sagamore Stévenin,45,1,0
Gemma-Leah Devereux,24,1,0
Cap,126,3,3
Naglaa Fathy,38,0,0
John Lodge,21,0,0
Phil Caracas,11,0,0
Van Heflin,66,4,3
Bill Burr,33,0,0
Micaela Ramazzotti,41,13,20
David Long,1,0,0
Julius Lavonen,10,1,0
Viola Davis,81,112,84
Grant Munro,7,1,3
Meissa Hampton,26,1,1
Lisa Sookhiram,1,0,0
Koudous Seihon,7,1,3
Örvar Jens Arnarson,3,0,0
Marie-Evelyne Lessard,7,1,1
Marie Windsor,171,2,2
Ariane Ascaride,72,5,4
Pavel Derevyanko,56,5,1
Evel Knievel,2,0,0
Jörg Schüttauf,123,2,10
Don Megowan,101,0,0
Franca Valeri,58,3,1
Emily Somers,13,0,0
Anna Galiena,99,5,2
José Ferrer,120,8,3
Laura Emilie Hancock,5,0,0
Tommy Giavocchini,13,0,0
Monty Woolley,32,4,4
Isiah Thomas,3,0,0
Kari Hietalahti,97,2,1
Isabel Christine Andreasen,4,0,0
Tom Fisher,43,0,0
Travis Rice,3,0,0
Cary Elwes,123,7,0
Dorota Segda,36,0,0
Dyanne Thorne,34,0,0
Nicholas Butler,1,0,0
Christiane Hörbiger,121,4,19
Vivien Leigh,20,3,10
Jack McClelland,3,0,0
Sara Gorsky,13,2,2
Charles Berling,98,6,2
Richard Ruxton,10,0,0
Verónica Sánchez,22,11,1
Ana Girardot,28,1,0
June Leaf,2,0,0
Daniel Raymont,49,0,0
Norris Culf,3,0,0
Danielle Dallacco,15,0,0
Kate Dollenmayer,2,2,0
Sébastien Ricard,23,2,1
Josh Holloway,27,20,3
Matt Bennett,29,0,0
Topher Grace,53,15,7
Ryan Jones,42,1,0
George Martin,38,0,0
Michael Sheen,83,31,15
Adrienne Pickering,24,0,0
Jay Hayden,35,0,0
Fernando Lamas,72,0,0
Vladimir Vdovichenkov,44,4,1
Henrik Mäki-Tanila,6,1,1
Gustav Dyekjær Giese,11,2,0
Kim So-hyun,28,1,0
Mike Ness,2,0,0
Catherine Scorsese,15,0,0
Richard Roxburgh,60,24,9
Tabitha St. Germain,276,16,5
Sam Hoare,36,3,1
Li Yi-Min ,53,0,0
Lynne Frederick,31,1,1
David Cronenberg,33,67,69
Eric Judor,43,0,0
Edd Byrnes,85,3,1
Jack White,25,16,6
Gerda Viira,1,0,0
Bob Dermer,25,0,0
Steve Pemberton,57,3,2
Gérard Jugnot,118,5,0
Elmira Zherzdeva,2,0,0
Jamie Anne Allman,54,0,0
Hisashi Igawa,142,1,4
Ned Beatty,166,6,3
Craig Robinson,69,12,2
Leandra Leal,54,15,28
Tim Holt,75,2,2
Lori March,45,0,0
Jeanette MacDonald,31,2,2
Beverley Wilson,2,0,0
Taylor Kitsch,26,10,2
Teruyuki Kagawa,133,6,13
Lesley Manville,101,34,13
Dennis R.D. Mascarenas,1,0,0
Jo Min-soo,8,5,6
Norman McLaren,1,5,23
Andrew Robertson,6,0,0
Maura Tierney,52,16,3
Martine Carol,50,0,0
Glenn Saxson,18,0,0
B.B. King,18,2,2
Kevin McKidd,58,5,3
Tenzin Thuthob Tsarong,1,0,0
Grant Bowler,54,0,0
Yûzô Kayama,74,1,1
Henriette Bruusgaard,2,0,0
Alexandros Parisis,15,0,0
Maya Sansa,46,7,13
"Antonio Sabàto, Jr.",85,5,1
Terrence Howard,93,55,34
Oliver Platt,95,16,3
Freda Dowie,83,1,0
Lisa Vidal,56,8,2
José Sacristán,157,9,26
Robson Nunes,29,2,2
Steve Zahn,73,10,2
Sota Fukushi,43,1,1
Shaun French,5,0,0
Noémie Lvovsky,50,19,14
Elliott Morgan,18,0,0
Rupert Graves,94,1,1
Skandar Keynes,7,3,1
Pilar Padilla,25,1,0
João Guilherme Ávila,7,1,0
George C. Scott,96,24,13
Michael Gross,119,6,8
Branka Katić,67,0,0
Victoria Carmen Sonne,17,2,3
Priyanshu Chatterjee,43,2,0
Maddie Baillio,2,1,0
Joshua Zuehlke,1,1,0
Zette Sullivan,3,0,0
Daniel Giménez Cacho,81,11,9
Doug Savant,73,4,1
Gustaf Skarsgård,42,2,3
Morjana Alaoui,13,1,1
Nader Boussandel,42,1,1
Susan Anspach,45,2,0
Ester Spitz,6,0,0
Patrick Baladi,77,0,0
Mark Burnham,25,0,0
Kevin Casey,9,0,0
Richard Briers,140,1,1
Chingmy Yau,55,5,0
Jacqueline McKenzie,58,10,9
Simón Andreu,189,2,2
Nicolas Cazalé,26,2,2
Sidney Fox,15,0,0
Michael Seater,40,6,1
Jessica Grabowsky,22,2,0
Vincent Pérez,207,3,8
Zeynep Tokuş,11,1,1
Sebastián Molinaro,2,2,0
Jeremy Slate,88,1,1
Jen Kirkman,20,0,0
Lee Jung,1,0,0
Alexander Armstrong,68,2,1
Vytautas Kaniušonis,11,1,1
Everett Bradley,1,0,0
Ravi Krishna,6,1,1
Samir Guesmi,124,2,4
Muslim Magomayev,8,2,2
Monica Vitti,62,13,37
Matt Ross,38,13,9
Pablo Mezz,2,0,0
Lincoln Younes,12,1,1
Ilarion Ciobanu,65,0,0
William Hartnell,90,0,0
Narges Rashidi,32,2,4
Vladimir Yaglych,40,0,0
Ronn Moss,20,7,5
Sílvia Munt,68,17,14
Harry Liedtke,163,0,0
Gabriel Macht,33,1,1
Adam Brody,74,4,4
David Carradine,237,15,13
Vladislav Dvorzhetsky,19,0,0
Premsinee Ratanasopha,2,0,0
Said Bey,28,1,1
Everett McGill,28,2,0
Julie Depardieu,81,3,3
Michael Hanrahan,41,0,0
Yevgeniya Kryukova,1,0,0
Tony Todd,204,2,6
Keiko Awaji,133,1,2
Vijay,17,2,2
Lindsay Burdge,56,3,3
Gary Sinise,53,17,18
Conrad Anker,1,0,0
Todd Armstrong,16,1,0
Keith Robinson,63,5,3
Zach Galligan,70,0,0
Jake White,15,0,0
Miray Akay,13,0,0
Kelly Adams,24,0,0
Jack Nicholson,77,104,87
Zhang Guoli,38,5,9
Kalina Jędrusik,38,0,0
Udo Kier,263,1,4
Judit Pogány,89,0,0
William Bishop,72,0,0
Louise Fletcher,136,11,11
Paris Warner,21,0,0
Grace McPhilips,19,3,3
Duda Mamberti,29,0,0
Isabella Ferrari,63,8,6
Mark Stanley,26,2,0
Michael Keaton,81,40,65
Bill Sage,115,3,1
Kate Fischer,12,1,0
Ichirô Araki,34,0,0
Boris Andreyev,61,6,6
Julienne Mathieu,31,0,0
Annabelle Wallis,29,2,0
Mickey Hardt,49,1,1
Petar Radenkovic,3,0,0
Warren Finnerty,27,0,0
Olivia d'Abo,107,1,3
Jamie Croft,37,1,1
Michael Ontkean,63,2,0
Rachel Specter,35,0,0
Essy Persson,17,0,0
Justin Welborn,53,0,0
Analeigh Tipton,28,0,0
Patrick Norbert,10,0,0
Oskar Löfquist,3,0,0
Suwinit Panjamawat,5,0,0
Russell Peters,44,2,1
Chôjûrô Kawarasaki,17,0,0
Jerry Nelson,120,9,7
Shawn Hatosy,69,2,0
Lesli Kay,37,2,2
Alice Faye,40,2,2
Trisha Noble,54,1,1
Lois Wilson,160,1,1
David Bjergsø,10,0,0
Yuya Tegoshi,12,0,0
Spencer Tracy,79,22,12
Mark Dana,54,0,0
Kyle Massey,27,7,2
Kim Kang-woo,1,0,0
Elina Vaska,3,1,2
Seiyo Uchino,39,1,3
John Fiedler,193,0,0
Craig Baldwin,4,2,2
Tripti Mitra,10,0,0
Dolores Fonzi,39,11,10
Dick Miller,181,1,0
Gorka Moreno,27,0,0
António Vilar,50,2,2
Romano Orzari,74,1,1
Jonny Weston,20,0,0
Matthew Ludwinski,14,1,1
Neale Donald Walsch,3,0,0
Amanda Langlet,17,1,0
Charles Malik Whitfield,95,2,0
Eva Noblezada,2,0,0
Victoria Abril,108,27,26
John Ritter,134,18,6
Rod Steiger,148,18,23
Noah Britton,5,0,0
Jesse Malin,2,0,0
Michitaro Mizushima,190,0,0
Shaun White,4,4,0
Alejandro Jodorowsky,11,12,11
Milva,18,0,0
Harley Sylvester,8,0,0
Eva Longoria,50,28,11
Antoine Monnier,1,0,0
Mimi Rogers,111,3,1
Erik Stolhanske,23,0,0
Chiharu Niiyama,20,0,0
Daniel Henney,24,3,4
Rahul Rai,12,0,0
Roger Carel,189,0,0
Glen Meadows,29,0,0
Alberto Lupo,60,1,0
Carol Channing,29,2,5
James 'Primo' Grant,1,1,1
Anna Faris,50,20,1
Damon Runyan,42,0,0
John Ashton,87,1,1
Patrick Allen,156,0,0
Anders Eriksson,29,0,0
Debra Paget,45,1,1
Nejat İşler,34,1,2
Hart Bochner,55,0,0
Alex Karpovsky,56,4,1
Fernando Luján,121,1,5
French Stewart,111,6,0
Jill Schoelen,33,2,1
Katsuo Nakamura,112,1,6
Licia Maglietta,28,5,11
Tye Olson,15,3,3
Ali Atay,23,3,0
Shaike Ophir,39,0,0
Sebastian Stigar,5,0,0
Phil Vischer,70,1,1
Andy Lau,170,42,18
Chantal Akerman,13,13,8
Akihiko Hirata,152,0,0
Nathan Lane,85,27,11
Joni Mitchell,1,1,2
Philippe Deseck,5,0,0
Heino Ferch,132,12,9
Rodrigo Falla,1,0,0
Yukari Asai,4,0,0
Joanne Woodward,78,43,27
Valeria Solarino,41,4,6
Mohammad Reza Forutan,52,1,1
Leo Gregory,60,1,0
Nadia Litz,25,5,4
John Lennon,84,10,15
Gunnar Björnstrand,140,2,2
Samuli Torssonen,7,1,1
Art Hindle,168,3,3
Joel Edgerton,73,53,15
Janusz Gajos,92,6,13
Albert Asadullin,3,0,0
Bud Luckey,10,2,1
Linda van Dyck,26,0,0
Jennifer Carpenter,31,23,5
Osamu Mukai,76,0,0
Alonso Arias,4,0,0
Aleksandr Shirvindt,61,1,1
Samuel Fuller,33,4,7
Anastasiya Zavorotnyuk,25,5,1
Jonas Bloquet,21,2,1
Deepak Dobriyal,34,5,2
Shinichi Tsutsumi,72,9,6
Anita Berber,27,0,0
Merrill Gruver,1,0,0
Brittany Curran,42,1,0
Elizabeth Brown,56,0,0
Shane Twerdun,18,2,2
Christopher Rich,65,0,0
Batzul Khayankhyarvaa,1,1,1
Josh McConville,25,1,0
Jack Jones,22,1,2
Dayton Knoll,23,0,0
Chaz Monet,15,2,2
Tim Balme,29,1,4
Agnès Varda,7,30,66
Patrick Magee,94,0,0
Michel Gondry,3,46,28
Leonid Bykov,23,1,1
Ivan Kolesnikov,13,1,1
Sterling Knight,31,1,1
Ian Hunter,101,0,0
Robi Draco Rosa,3,1,1
John Berger,4,1,1
Hideyuki Hori,128,0,0
Marianne Fortier,16,3,1
Jane Fonda,57,63,55
James Cartwright,23,0,0
William Zabka,50,2,1
Ahmet Ugurlu,16,3,3
Norman Lear,7,16,26
Ruby Lin,46,5,3
Marina Pierro,16,0,0
Clifton Webb,27,4,5
Chandra Malatitch,5,1,1
David Morrissey,90,7,1
Stefan Iordache,32,0,0
Madison Charap,5,0,0
Jenny Tamburi,33,0,0
Charles Aznavour,79,2,2
Sybil Jason,17,0,0
Frank Rivera,14,0,0
Luigi Pistilli,76,0,0
Sebastian Junger,3,13,7
Mohammad Amir Naji,25,2,2
John Simm,55,6,0
Alice Amter,40,2,2
Junko Iwao,69,0,0
Ryan Guzman,21,1,0
Kostas Smoriginas,33,2,0
Harshvardhan Rane,11,1,1
Red Steagall,7,0,0
Seth Gilliam,44,0,0
Gabriela Roel,62,1,1
Griff Rhys Jones,44,1,1
Katsuhisa Namase,134,1,1
Alma Pöysti,13,0,0
Yvonne Sanson,46,0,0
Frank Wolff,72,0,0
Johannes Nymark,10,0,0
Pier Maria Rossi,11,0,0
Paul Bowles,3,0,0
Björn Skifs,17,0,0
Dakota Pike,7,0,0
Reggie White,2,0,0
Ever Carradine,62,0,0
Derek Nimmo,67,0,0
Arthur V. Johnson,328,0,0
Jacklyn Wu ,39,5,2
Blake Jenner,15,2,2
James Brown,97,0,0
Katrina Kaif,45,11,19
Bon Scott,5,1,0
Kenneth Tobey,220,0,0
Christopher Lambert,87,1,1
Chloé Winkel,3,0,0
Joren Seldeslachts,51,1,1
Rajeev Khandelwal,23,6,3
Jean-Simon Leduc,16,1,0
Darling Narita,7,1,1
Johannes Zeiler,40,1,0
Wende Snijders,4,1,1
Roger Behr,14,0,0
Jonathan Torrens,33,5,5
Roger Corman,38,3,27
Gabriel Mann,61,1,0
Marie Theisen,2,1,1
Joe Flanigan,40,0,0
David Spade,75,17,6
David Belle,17,0,0
Samal Yeslyamova,2,1,1
Sienna Guillory,61,2,0
Boris Quercia,28,3,5
Lina El Arabi,8,0,0
Natalya Kustinskaya,17,0,0
Keith David,298,18,6
Jorge Perugorría,73,3,12
Jon Favreau,69,11,7
Lucas Pittaway,9,0,0
Chris Massoglia,15,1,0
Faten Hamama,104,10,10
Erin Karpluk,69,11,2
Miodrag Krstović,144,0,0
Danni Smith,1,0,0
Joshua Morrell,1,0,0
Claudia Jennings,28,0,0
River Huang,21,2,3
Jean-Paul Rouve,77,1,1
Darren Berrecloth,3,0,0
Matt Passmore,23,0,0
Chulpan Khamatova,54,16,7
Angela Punch McGregor,37,2,3
Eddie Spears,19,1,1
Mathieu Kassovitz,53,14,14
Kuranosuke Sasaki,88,1,0
Arcelia Ramírez,90,10,6
Richard Greene,59,0,0
Donald Houston,94,0,0
Daniel Tadesse,3,1,0
Wong Yung,18,0,0
Jessica Schwarz,53,11,6
Esteban Lamothe,36,4,4
Olivia Wilde,55,13,5
Raphaël Lacaille,21,1,1
Viveca Lindfors,147,5,4
Elsa Martinelli,61,1,1
Giedrius Kiela,5,1,0
Frank Zappa,7,0,0
Ione Butler,29,0,0
Pierre Dulat,24,0,0
Kenny Bee,107,2,0
Johnny Strong,15,0,0
Anna Sahlin,4,0,0
Simon Schwarz,128,6,3
Bridgit Mendler,36,7,0
Ben Lyon,72,1,1
Ken Marshall,24,1,0
Jack Carson,131,3,3
Rita Abela,2,0,0
Lana Wood,69,1,0
Bernie,15,5,1
Haris Markou,1,0,0
Richard J. Danum,12,0,0
Spalding Gray,42,2,0
Melanie Kinnaman,9,0,0
Shu Qi,86,28,12
Anthony Weiner,1,1,1
David Maler,9,0,0
Kelley Stoltz,1,0,0
Brasse Brännström,46,2,2
Shredi Jabarin,15,1,0
Wolfgang Bodison,71,7,8
Conal Byrne,7,0,0
Daniel Craig,73,31,15
Pam Grier,103,20,9
Crusoe Kurddal,4,1,1
Nisreen Faour,8,4,1
Kosti Klemelä,54,0,0
Chuck McCann,164,1,0
Joy Reynolds,4,0,0
Brenda Marshall,20,0,0
Keenen Ivory Wayans,22,14,5
Nora Aunor,208,74,67
Ali Faulkner,15,0,0
Kazue Fukiishi,72,2,2
Paulette Goddard,66,2,2
George Wendt,143,8,6
Lotta Losten,16,0,0
Luke Mitchell,12,1,1
J.J. North,14,0,0
Dick Clark,35,22,10
Stephanie Cumming,9,0,0
John Redlinger,39,0,0
Gary Bond,42,0,0
Marquim do Tropa,2,1,1
Kassai Lajos,1,0,0
Rebeca Spence,32,2,1
Liam Aiken,36,4,1
Joe Dante,17,11,18
Brad Hallowell,7,0,0
Jeremy Renner,55,59,35
Skin Diamond,49,4,0
Terence McKenna,2,0,0
Pierre-Ndoffé Sarr,1,0,0
Nine-Christine Jönsson,8,0,0
Françoise Prévost,82,0,0
Youssouf Djaoro,8,2,2
Rick Danko,1,0,0
Romain Bouquet,22,0,0
Natasha Lyonne,95,8,6
Christine Lahti,76,37,12
Oliver Wnuk,65,0,0
Meredith Edwards,108,0,0
Ingrid Bolsø Berdal,38,2,1
Anjela Lauren Smith,19,0,0
Andrea Anders,34,0,0
Morgan Taylor Campbell,32,3,2
Ronn K. Smith,3,0,0
April Monique Burril,19,0,0
Jamie Lee Curtis,74,30,12
Ureo Egawa,110,0,0
Michael Zelniker,38,3,3
René Cresté,54,0,0
Bien de Moor,18,1,1
Adam Pally,64,2,0
Caveh Zahedi,19,5,3
Edward Fleming,39,1,1
Mina Tander,77,3,1
Andrea Benetti,2,0,0
William Bassett,138,0,0
Ji Guanlin,5,0,0
Tony DeCamillis,1,0,0
Jeanine Meyers,5,0,0
Jan Budař,75,5,5
Ken Kesey,3,0,0
Kristin Booth,88,5,5
Arsinée Khanjian,50,1,4
Rolv Wesenlund,37,1,1
Xavien T. Bailey,4,0,0
Brigitte Mira,184,1,4
Efren Ramirez,71,2,0
Tom Gilroy,44,4,1
Erin Cahill,100,1,1
Peter Beard,1,0,0
Bernard Cribbins,117,2,1
Vashti Bunyan,2,0,0
Arthur Japin,9,1,1
Eric Mabius,67,4,2
Cole Hauser,50,1,1
Francis Lacombrade,3,0,0
Carlo Cabrini,4,0,0
Hugh Herbert,115,1,1
W. Somerset Maugham,1,0,0
Marc Balaguer,7,0,0
